날짜,평균기온,최저기온,최고기온,강수량,미세먼지,초미세먼지,주말공휴일,방문객수,봄,여름,가을,사회적거리두기,안개
2015-01-01,-7.7,-9.8,-4.3,0,66,13,1,1645,0,0,0,0,0
2015-01-02,-6,-9,-1.9,0,29,13,금,1329,0,0,0,0,0
2015-01-03,-2.7,-9.2,3.1,0,37,20,토,3388,0,0,0,0,0
2015-01-04,2.5,0.2,8.5,0,42,23,일,5327,0,0,0,0,1
2015-01-05,3.7,-1.1,7.9,0.4,76,40,월,1614,0,0,0,0,1
2015-01-06,-3.2,-7.6,4,3,39,16,화,1274,0,0,0,0,1
2015-01-07,-5.5,-8.9,-0.6,0,34,12,수,1010,0,0,0,0,0
2015-01-08,-5.1,-9.5,-0.2,0,44,20,목,1632,0,0,0,0,0
2015-01-09,-2.1,-6.8,3.5,0,49,27,금,1363,0,0,0,0,0
2015-01-10,-0.3,-5.6,4.8,0,37,20,토,4895,0,0,0,0,0
2015-01-11,-0.4,-4.3,2.5,0,44,22,일,4515,0,0,0,0,0
2015-01-12,-2.7,-7.3,3.7,0,43,23,월,1200,0,0,0,0,0
2015-01-13,0.2,-5.1,5.8,0,58,31,화,1664,0,0,0,0,0
2015-01-14,2.5,-0.3,6.1,0,72,38,수,1746,0,0,0,0,1
2015-01-15,2.8,-1.1,9,0,62,33,목,3868,0,0,0,0,1
2015-01-16,0.8,-2.5,3.4,0.3,82,45,금,917,0,0,0,0,1
2015-01-17,-4.1,-7.7,0,0,35,17,토,3341,0,0,0,0,1
2015-01-18,-1.3,-6.5,2.1,4,33,17,일,3649,0,0,0,0,1
2015-01-19,-0.1,-4,3.1,0.1,63,32,월,1219,0,0,0,0,1
2015-01-20,-0.9,-6.4,4.4,0,48,25,화,1646,0,0,0,0,0
2015-01-21,2.6,-1.2,6.5,0,60,32,수,1698,0,0,0,0,1
2015-01-22,3.1,0.8,7.1,0,46,25,목,1680,0,0,0,0,1
2015-01-23,1.2,-1.6,4.9,0,43,25,금,1692,0,0,0,0,1
2015-01-24,3.7,0.8,8.4,0,53,29,토,7493,0,0,0,0,1
2015-01-25,3,1.1,5,3,60,34,일,2864,0,0,0,0,1
2015-01-26,3.6,0.2,6.5,0.5,40,26,월,1402,0,0,0,0,1
2015-01-27,-3.6,-7.4,0.5,0,48,25,화,1508,0,0,0,0,1
2015-01-28,-4.1,-9.1,2.7,0,44,18,수,1263,0,0,0,0,0
2015-01-29,-1.1,-4.6,3,0,50,26,목,1261,0,0,0,0,0
2015-01-30,-3.3,-7,0.8,0,39,19,금,2953,0,0,0,0,1
2015-01-31,-4.5,-8.5,0.8,0,41,19,토,3256,0,0,0,0,0
2015-02-01,-3,-8.2,3.6,0,31,17,일,5028,0,0,0,0,0
2015-02-02,-0.6,-5.3,6.4,0,43,23,월,1671,0,0,0,0,0
2015-02-03,0.6,-3.5,7.2,0,61,33,화,1759,0,0,0,0,1
2015-02-04,0.4,-3.1,5.8,0,79,47,수,1588,0,0,0,0,1
2015-02-05,-0.1,-3.8,4.8,0,93,52,목,1995,0,0,0,0,1
2015-02-06,0.4,-4.3,6.5,0,53,29,금,1401,0,0,0,0,1
2015-02-07,1.2,-2.7,5.7,0,46,25,토,4933,0,0,0,0,1
2015-02-08,-9.8,-11.9,-2.8,0,101,15,일,1328,0,0,0,0,0
2015-02-09,-5.7,-13,-0.1,0.2,40,17,월,593,0,0,0,0,1
2015-02-10,1.7,-2,5.8,0,98,47,화,1136,0,0,0,0,1
2015-02-11,2.7,-0.8,8,0,88,45,수,1403,0,0,0,0,1
2015-02-12,-2.2,-4.7,1.6,0,35,13,목,1194,0,0,0,0,0
2015-02-13,-1.6,-6.4,4,0,31,16,금,1102,0,0,0,0,0
2015-02-14,2,-3.1,6.6,0,56,30,토,3983,0,0,0,0,1
2015-02-15,7.9,3.2,13,0,78,39,일,6625,0,0,0,0,1
2015-02-16,5,4.1,7.9,10.5,41,24,월,437,0,0,0,0,1
2015-02-17,1.9,0.5,4.1,0.5,65,36,화,952,0,0,0,0,1
2015-02-18,0.8,-1.5,3.3,0,62,42,1,2390,0,0,0,0,1
2015-02-19,2.2,-2.7,8.6,0,62,39,1,6572,0,0,0,0,1
2015-02-20,5.2,-1.3,11.4,0,51,33,1,15466,0,0,0,0,1
2015-02-21,5.7,4.8,6.7,8,24,16,토,1794,0,0,0,0,1
2015-02-22,3.5,-0.7,7,2.5,249,33,일,3656,0,0,0,0,1
2015-02-23,0.9,-2.4,5.9,0,569,66,월,1341,0,0,0,0,0
2015-02-24,2.1,-1.1,7.5,0,108,27,화,2596,0,0,0,0,0
2015-02-25,5.4,0.2,12.5,0.5,72,26,수,2900,0,0,0,0,0
2015-02-26,1.2,-3.5,4.7,0.5,34,17,목,2159,0,0,0,0,1
2015-02-27,-1.3,-5.6,4.8,0,31,17,금,1663,0,0,0,0,0
2015-02-28,2.7,-2,6.4,0,43,23,토,5427,0,0,0,0,0
2015-03-01,2.4,-0.2,5.9,0,99,28,일,4109,1,0,0,0,0
2015-03-02,3.9,-1.9,9.7,0,90,24,월,1971,1,0,0,0,0
2015-03-03,2.8,-1.3,6.7,5.5,52,24,화,788,1,0,0,0,1
2015-03-04,-2.1,-4.6,1.4,0,42,17,수,1158,1,0,0,0,0
2015-03-05,-0.3,-5.4,5.5,0,41,25,목,1237,1,0,0,0,0
2015-03-06,2.9,-3.2,10.4,0,46,27,금,2095,1,0,0,0,0
2015-03-07,4.2,-2.3,11,0,51,28,토,19698,1,0,0,0,0
2015-03-08,7.7,0.4,15.1,0,86,47,일,26998,1,0,0,0,1
2015-03-09,2.2,-5.4,8.2,0,71,33,월,1357,1,0,0,0,1
2015-03-10,-3.4,-6.9,1,0,32,11,화,686,1,0,0,0,0
2015-03-11,0.4,-5.1,7.5,0,40,17,수,1133,1,0,0,0,1
2015-03-12,2.1,-3.5,6.7,0,32,12,목,1663,1,0,0,0,0
2015-03-13,5.6,1.8,11,0.1,43,20,금,2198,1,0,0,0,1
2015-03-14,4.3,-1.2,11.6,0,38,19,토,24635,1,0,0,0,0
2015-03-15,5.5,0,12.5,0,43,24,일,30605,1,0,0,0,0
2015-03-16,9.8,1.3,18.6,0,92,43,월,3557,1,0,0,0,1
2015-03-17,10.7,6.9,16.1,0,130,65,화,2679,1,0,0,0,1
2015-03-18,10.7,8.4,14.4,1.5,76,40,수,873,1,0,0,0,1
2015-03-19,12.4,6.5,21,0,54,27,목,4034,1,0,0,0,0
2015-03-20,13.4,7.6,21.9,0,101,35,금,4331,1,0,0,0,1
2015-03-21,11.7,6.9,17.8,0,171,58,토,30195,1,0,0,0,0
2015-03-22,8.3,2.2,14.9,0,147,43,일,19734,1,0,0,0,0
2015-03-23,4.6,0,10.1,0,56,15,월,2158,1,0,0,0,0
2015-03-24,5.4,-0.9,12.4,0,43,18,화,2399,1,0,0,0,0
2015-03-25,6.5,0.1,14.2,0,42,21,수,3538,1,0,0,0,0
2015-03-26,7.9,1.6,14.8,0,46,22,목,3689,1,0,0,0,0
2015-03-27,9.1,3.2,16.2,0,53,26,금,4850,1,0,0,0,1
2015-03-28,9.7,2.5,17,0,45,22,토,33828,1,0,0,0,1
2015-03-29,10.5,7,16.5,0,71,31,일,20850,1,0,0,0,1
2015-03-30,13.2,5.9,20.8,0,151,46,월,4037,1,0,0,0,1
2015-03-31,12.9,10,14.9,2.5,109,51,화,4708,1,0,0,0,1
2015-04-01,12.9,10,17.6,2.5,23,15,수,4088,1,0,0,0,1
2015-04-02,14.8,8.5,21.8,28,22,12,목,3207,1,0,0,0,1
2015-04-03,10.6,6.9,15.1,3.5,33,19,금,4839,1,0,0,0,0
2015-04-04,13.5,8.9,18.5,0,14,8,토,29213,1,0,0,0,0
2015-04-05,10.5,10.1,12.2,0.5,17,10,일,8336,1,0,0,0,0
2015-04-06,10.3,6.9,15.4,0,60,21,월,4568,1,0,0,0,0
2015-04-07,8.4,5.5,12.2,0,40,16,화,3818,1,0,0,0,0
2015-04-08,8.3,3.5,13.7,0,29,15,수,6522,1,0,0,0,0
2015-04-09,9.6,3.8,16.3,0,49,25,목,8421,1,0,0,0,1
2015-04-10,11.6,4.6,19.2,0,55,27,금,14669,1,0,0,0,1
2015-04-11,13.5,6.7,20.7,0,68,33,토,50450,1,0,0,0,1
2015-04-12,14.9,9.1,20.4,0,48,26,일,49863,1,0,0,0,0
2015-04-13,12,7.4,17.6,6.5,26,14,월,6341,1,0,0,0,1
2015-04-14,6.9,5.8,8,10.5,19,14,화,1626,1,0,0,0,1
2015-04-15,11.1,5.6,17,1,44,27,수,9428,1,0,0,0,1
2015-04-16,9.9,6.9,14.8,7,78,29,목,4416,1,0,0,0,1
2015-04-17,10.5,4.8,16.1,0,69,16,금,13389,1,0,0,0,0
2015-04-18,15.2,5.2,23.7,0,57,18,토,40421,1,0,0,0,0
2015-04-19,14.5,11.2,17.3,12,29,14,일,2121,1,0,0,0,1
2015-04-20,12.2,10.3,16.8,5.5,14,8,월,3351,1,0,0,0,1
2015-04-21,14,7.7,20.9,0,43,21,화,12335,1,0,0,0,0
2015-04-22,14.2,9.3,20.7,0,71,33,수,8295,1,0,0,0,0
2015-04-23,14.5,8,20.1,0,63,32,목,11365,1,0,0,0,1
2015-04-24,15.7,10.4,22.8,0,72,31,금,15324,1,0,0,0,1
2015-04-25,15.9,9.2,23,0,59,20,토,36151,1,0,0,0,0
2015-04-26,17.3,9.9,24.4,0,58,27,일,37570,1,0,0,0,0
2015-04-27,18.5,12.7,24.9,0,63,31,월,6812,1,0,0,0,1
2015-04-28,20.3,12.3,26.9,0,48,24,화,17813,1,0,0,0,0
2015-04-29,17,15.8,18.4,3.5,42,26,수,3435,1,0,0,0,1
2015-04-30,21.2,15.1,28.3,0,31,18,목,13651,1,0,0,0,0
2015-05-01,21,15.9,27.2,0,42,24,금,39430,1,0,0,0,1
2015-05-02,20.7,15.8,26,0.5,37,23,토,40645,1,0,0,0,1
2015-05-03,18.3,17.1,19.6,3.5,25,17,일,8563,1,0,0,0,1
2015-05-04,16.1,12.5,20.1,0,49,15,월,33453,1,0,0,0,1
2015-05-05,14.2,8.3,19.9,0,38,12,1,64523,1,0,0,0,0
2015-05-06,15.4,9.8,22,0,45,15,수,8162,1,0,0,0,0
2015-05-07,16.5,10.6,24,0,42,17,목,9505,1,0,0,0,0
2015-05-08,16.7,11.7,22.7,0,54,27,금,12836,1,0,0,0,1
2015-05-09,17.6,12.6,24,0,40,20,토,21960,1,0,0,0,0
2015-05-10,19.1,13.5,25.9,0,40,18,일,25738,1,0,0,0,0
2015-05-11,18.4,14.4,24.1,14,41,19,월,4187,1,0,0,0,1
2015-05-12,13.3,10.3,17.5,9.5,38,16,화,6330,1,0,0,0,1
2015-05-13,17.4,11.8,21.4,0,66,22,수,12948,1,0,0,0,0
2015-05-14,20.4,15.3,26.6,0,57,27,목,15648,1,0,0,0,1
2015-05-15,19.1,16.3,23.7,0,97,47,금,20452,1,0,0,0,1
2015-05-16,18,11.6,25.2,0,50,24,토,27795,1,0,0,0,0
2015-05-17,18.6,11.7,25.2,0,53,30,일,29765,1,0,0,0,1
2015-05-18,17.7,13.7,22.2,0,42,21,월,5903,1,0,0,0,1
2015-05-19,14.8,13,16.2,1,49,29,화,6297,1,0,0,0,1
2015-05-20,16.3,10.6,21.9,0,40,17,수,8573,1,0,0,0,1
2015-05-21,18.7,12.6,26,0,42,21,목,11426,1,0,0,0,0
2015-05-22,20,13.7,27.2,0,51,26,금,19511,1,0,0,0,0
2015-05-23,20.6,13.6,28.3,0,42,21,토,31423,1,0,0,0,0
2015-05-24,21,14,28.5,0,31,16,일,48489,1,0,0,0,0
2015-05-25,20.8,14.4,28.7,0,41,23,1,43468,1,0,0,0,1
2015-05-26,21.5,14.1,30.3,0,39,21,화,8092,1,0,0,0,1
2015-05-27,23.2,14.4,31.5,0,36,20,수,9398,1,0,0,0,0
2015-05-28,24.3,16.7,32.2,0,41,21,목,11046,0,1,0,0,0
2015-05-29,23.8,18.5,29.8,0,47,25,금,42063,0,1,0,0,0
2015-05-30,19.8,17,23.2,0.4,38,23,토,13095,0,1,0,0,1
2015-05-31,22.1,15.3,30.4,0,42,25,일,26716,0,1,0,0,1
2015-06-01,21.7,15.8,28.5,0,37,21,월,7019,0,1,0,0,0
2015-06-02,23.1,18.1,29.8,0,36,21,화,12054,0,1,0,0,0
2015-06-03,23.3,17.1,29.4,0,42,14,수,4729,0,1,0,0,0
2015-06-04,24.2,17.1,31.5,0,39,17,목,2951,0,1,0,0,0
2015-06-05,19.1,17.5,22,1,31,17,금,1999,0,1,0,0,0
2015-06-06,22.4,16.4,28.9,0,31,17,토,9022,0,1,0,0,0
2015-06-07,23.4,18.7,31.5,0,31,18,일,7379,0,1,0,0,0
2015-06-08,22.4,18.2,27.8,0,37,22,월,2708,0,1,0,0,0
2015-06-09,22.2,18.8,28.1,0,43,26,화,3034,0,1,0,0,1
2015-06-10,25.3,17.6,34.9,0,48,27,수,3992,0,1,0,0,1
2015-06-11,24.6,20.7,30.2,7.5,40,24,목,2170,0,1,0,0,1
2015-06-12,23.6,19.4,29.9,0.5,44,25,금,3862,0,1,0,0,1
2015-06-13,24.7,20.1,30.9,0.5,73,34,토,6313,0,1,0,0,1
2015-06-14,22.8,17.8,27.7,15.5,30,18,일,6805,0,1,0,0,1
2015-06-15,24.2,19.6,30.6,0,37,23,월,2260,0,1,0,0,0
2015-06-16,25,20,30.9,0,47,28,화,2007,0,1,0,0,1
2015-06-17,23.4,20.2,30.8,9.5,44,28,수,2365,0,1,0,0,1
2015-06-18,24.8,19.6,31.3,3,27,17,목,2172,0,1,0,0,1
2015-06-19,24.5,20,29.9,0,23,14,금,2171,0,1,0,0,0
2015-06-20,19.6,17,22.6,44.5,38,24,토,2071,0,1,0,0,1
2015-06-21,22.4,15.6,29.6,0,22,13,일,10712,0,1,0,0,1
2015-06-22,24,19.4,29.1,0,30,19,월,2774,0,1,0,0,0
2015-06-23,24.7,19.7,31,0,34,22,화,2611,0,1,0,0,1
2015-06-24,25.7,21.1,30.6,0,40,26,수,2538,0,1,0,0,1
2015-06-25,24.8,21,29.1,2,39,26,목,2483,0,1,0,0,1
2015-06-26,21,18,25.3,12.5,11,8,금,1145,0,1,0,0,1
2015-06-27,25.2,19.2,31.1,0,12,8,토,10781,0,1,0,0,0
2015-06-28,25.4,21,31.1,0,23,13,일,9793,0,1,0,0,0
2015-06-29,25.7,21.2,30.6,0,23,15,월,2357,0,1,0,0,0
2015-06-30,24.4,21.9,29.2,2.5,31,19,화,1843,0,1,0,0,1
2015-07-01,23.7,21,27.9,0.5,34,19,수,2485,0,1,0,0,1
2015-07-02,23.7,20.4,29.3,0,50,31,목,2812,0,1,0,0,1
2015-07-03,23.3,19.2,28.3,0,38,22,금,3022,0,1,0,0,1
2015-07-04,24.1,18.2,29.9,0,30,18,토,11113,0,1,0,0,0
2015-07-05,24.2,20.1,29.6,0,33,20,일,10917,0,1,0,0,0
2015-07-06,25.3,20.2,32.5,0,29,17,월,2489,0,1,0,0,0
2015-07-07,25.6,21.4,29.7,0,33,20,화,2884,0,1,0,0,0
2015-07-08,23.4,20.7,26.3,0.5,9,5,수,1879,0,1,0,0,0
2015-07-09,26.5,22.1,31.8,0,11,6,목,2418,0,1,0,0,0
2015-07-10,29.2,23.6,34.3,0,20,12,금,2499,0,1,0,0,0
2015-07-11,30.4,25.7,36,0,26,17,토,6104,0,1,0,0,0
2015-07-12,24.8,24,28,29,9,6,일,1484,0,1,0,0,1
2015-07-13,23.1,21.4,24.9,10,31,21,월,584,0,1,0,0,1
2015-07-14,26.1,22.5,31.4,0,63,38,화,2772,0,1,0,0,1
2015-07-15,27.9,22.7,33.9,0,47,29,수,2251,0,1,0,0,1
2015-07-16,24.7,20.6,28.9,0,11,5,목,2963,0,1,0,0,0
2015-07-17,23.6,18.4,28.6,0,11,5,금,2888,0,1,0,0,0
2015-07-18,24.3,22.3,27.8,0.5,28,18,토,11270,0,1,0,0,1
2015-07-19,25.1,21.3,29.8,5,24,16,일,10166,0,1,0,0,1
2015-07-20,27.5,24.4,31.2,0,21,13,월,2440,0,1,0,0,0
2015-07-21,27,24.6,29.6,11,26,16,화,1768,0,1,0,0,1
2015-07-22,27.7,25.3,31.7,1,32,20,수,1879,0,1,0,0,1
2015-07-23,26.9,24.9,32.1,16,27,18,목,1616,0,1,0,0,1
2015-07-24,24.7,22.6,25.4,26.5,15,9,금,608,0,1,0,0,1
2015-07-25,25,24.4,26.4,80,19,11,토,3147,0,1,0,0,1
2015-07-26,26,23.5,30,40.5,17,10,일,8826,0,1,0,0,1
2015-07-27,26.2,24.4,30,1.5,26,16,월,3942,0,1,0,0,1
2015-07-28,27.7,24.6,31.2,0,34,23,화,4376,0,1,0,0,1
2015-07-29,26.7,24.8,28.8,4,38,27,수,2020,0,1,0,0,1
2015-07-30,28.6,25.5,33.1,0,69,47,목,4851,0,1,0,0,1
2015-07-31,27.9,26.2,32.4,0,57,40,금,4272,0,1,0,0,1
2015-08-01,28.2,26,31.6,0,47,32,토,8585,0,1,0,0,1
2015-08-02,26.5,24.1,29.2,16.5,30,21,일,7877,0,1,0,0,1
2015-08-03,27.9,25.6,31.5,0,27,17,월,6108,0,1,0,0,0
2015-08-04,27.5,25.4,30.8,0,25,16,화,5668,0,1,0,0,0
2015-08-05,28.6,25.9,32.7,0.1,31,21,수,4235,0,1,0,0,1
2015-08-06,29.3,24.5,34.4,0,33,22,목,2929,0,1,0,0,0
2015-08-07,28.9,26,34.4,11,38,26,금,3731,0,1,0,0,0
2015-08-08,26.6,24.3,33,7.5,32,21,토,6501,0,1,0,0,0
2015-08-09,26.7,23.3,31,0,20,12,일,6735,0,1,0,0,0
2015-08-10,27,23.9,32,0,29,18,월,2939,0,1,0,0,1
2015-08-11,26.8,24.5,30.6,0,57,37,화,3807,0,1,0,0,1
2015-08-12,27.3,22.1,32.9,0,51,32,수,3210,0,1,0,0,1
2015-08-13,26.5,23.9,31.1,0,38,23,목,3119,0,1,0,0,0
2015-08-14,26.9,22.7,32.5,0,38,24,1,9976,0,1,0,0,1
2015-08-15,27.1,23.1,30.8,0.1,65,44,토,14240,0,1,0,0,1
2015-08-16,25.8,20.7,31.2,29,65,45,일,8249,0,1,0,0,1
2015-08-17,26.6,19.8,32.9,0,25,17,월,3432,0,1,0,0,0
2015-08-18,27.9,24.1,32.2,0,21,13,화,3101,0,1,0,0,0
2015-08-19,26.8,24.2,29.7,0,35,21,수,3198,0,1,0,0,1
2015-08-20,25.4,24.2,28.1,0.4,35,22,목,2746,0,1,0,0,1
2015-08-21,25.2,23,29.3,2.5,30,19,금,2733,0,1,0,0,1
2015-08-22,25.5,23.4,29.6,0,37,24,토,12492,0,1,0,0,1
2015-08-23,26.3,20.9,31.7,0,38,24,일,12845,0,1,0,0,0
2015-08-24,26.3,23.3,30.3,0,28,18,월,2677,0,1,0,0,0
2015-08-25,21.7,19.2,24.5,5.5,7,4,화,838,0,1,0,0,0
2015-08-26,21.9,18.9,25.3,0,10,6,수,21211,0,1,0,0,0
2015-08-27,24.7,21.2,30,0,21,11,목,3632,0,1,0,0,0
2015-08-28,23.2,19,28.1,0.3,28,17,금,3756,0,1,0,0,0
2015-08-29,24.4,19,30.8,0,31,20,토,17979,0,1,0,0,1
2015-08-30,24.9,19.9,31,0,33,22,일,18031,0,1,0,0,0
2015-08-31,25.9,21,31.2,0,32,22,월,2813,0,1,0,0,1
2015-09-01,25.9,22.6,30.7,0,24,16,화,4479,0,1,0,0,0
2015-09-02,23.9,22,27.7,0.5,25,16,수,2204,0,1,0,0,1
2015-09-03,23.9,19.8,28.2,18,24,15,목,3182,0,1,0,0,1
2015-09-04,24.8,20.6,30.7,0,33,20,금,4613,0,1,0,0,1
2015-09-05,21.9,19.4,23.6,5,31,19,토,6965,0,1,0,0,1
2015-09-06,22.2,19.3,26.2,0,13,7,일,24287,0,1,0,0,0
2015-09-07,22.6,16.8,28.7,0,13,7,월,3906,0,1,0,0,0
2015-09-08,22.7,16.2,28.9,0,12,7,화,4161,0,1,0,0,0
2015-09-09,22.4,15.3,30.1,0,16,8,수,3880,0,1,0,0,0
2015-09-10,22.4,17,28.4,0,28,13,목,4300,0,1,0,0,1
2015-09-11,21,16.8,24.4,2.5,37,21,금,5033,0,1,0,0,1
2015-09-12,19.2,15.5,24,0,21,11,토,19054,0,1,0,0,0
2015-09-13,20.2,15.2,26,0,21,10,일,30453,0,1,0,0,0
2015-09-14,22.1,16.4,27.8,0,31,17,월,5641,0,1,0,0,0
2015-09-15,22.8,17.4,28.7,0,25,14,화,4043,0,1,0,0,0
2015-09-16,21.6,16,26.7,0,16,8,수,5744,0,1,0,0,0
2015-09-17,21.4,15.5,27.6,0,12,6,목,9099,0,1,0,0,0
2015-09-18,21.9,15.9,29.2,0,20,11,금,7586,0,1,0,0,0
2015-09-19,22.3,17,29,0,32,16,토,26975,0,1,0,0,0
2015-09-20,22.1,17.9,28.3,0,48,30,일,23842,0,1,0,0,1
2015-09-21,22.6,16.5,29.4,0,47,30,월,3565,0,1,0,0,1
2015-09-22,23.9,18,31,0,40,25,화,7086,0,1,0,0,0
2015-09-23,22,19,26.1,0,41,25,수,4314,0,1,0,0,0
2015-09-24,23.4,17.5,30.6,0,37,22,목,4560,0,1,0,0,0
2015-09-25,23.4,19,29.8,0,37,22,금,5704,0,1,0,0,1
2015-09-26,22.4,17.9,28,0,49,28,토,16847,0,1,0,0,1
2015-09-27,21.9,14.2,29.8,0,34,15,일,18146,0,1,0,0,0
2015-09-28,21.4,15.5,28.3,0,31,14,1,38505,0,0,1,0,0
2015-09-29,22.1,15.9,28.2,0,23,10,1,31812,0,0,1,0,0
2015-09-30,21.3,19.4,26.2,0,18,8,수,6033,0,0,1,0,0
2015-10-01,16.3,10.7,19.7,35,15,8,목,857,0,0,1,0,1
2015-10-02,16.5,8.6,21.5,0,29,10,금,8691,0,0,1,0,0
2015-10-03,19.2,13.3,24.5,0,42,17,토,30021,0,0,1,0,0
2015-10-04,16.6,11.2,22.4,0,28,12,일,23913,0,0,1,0,0
2015-10-05,18,11,25.6,0,28,14,월,4422,0,0,1,0,0
2015-10-06,18.7,12.1,26.3,0,31,16,화,6578,0,0,1,0,0
2015-10-07,19.6,14.1,25.7,0,46,23,수,7193,0,0,1,0,1
2015-10-08,20.1,15.7,26.4,0,52,27,목,13876,0,0,1,0,1
2015-10-09,16.2,12.8,20.5,0,33,11,1,41253,0,0,1,0,0
2015-10-10,12.8,10.4,17.2,3.5,22,11,토,10186,0,0,1,0,0
2015-10-11,10.8,8.1,14.4,3.5,16,9,일,6317,0,0,1,0,0
2015-10-12,12.3,8.2,17.9,0,18,10,월,4674,0,0,1,0,0
2015-10-13,15,7.8,21.3,0,31,16,화,9996,0,0,1,0,1
2015-10-14,17.1,10.9,24.5,0,48,26,수,8321,0,0,1,0,1
2015-10-15,17.9,12.1,26.1,0,59,36,목,8455,0,0,1,0,1
2015-10-16,17.5,13.2,24.2,0,70,43,금,14617,0,0,1,0,1
2015-10-17,18.7,12.4,26.6,0,59,34,토,28791,0,0,1,0,1
2015-10-18,17.9,12.4,24.2,0,76,48,일,27619,0,0,1,0,1
2015-10-19,18.1,13.6,23.9,0,98,62,월,6675,0,0,1,0,1
2015-10-20,18.8,15.4,25.1,0,97,57,화,8228,0,0,1,0,1
2015-10-21,17.9,13.9,22.7,0,117,70,수,7268,0,0,1,0,1
2015-10-22,17.5,14.5,23.1,0,81,48,목,6518,0,0,1,0,1
2015-10-23,17.5,15.2,21.4,0,52,29,금,10118,0,0,1,0,1
2015-10-24,16.9,13.2,22,10.5,35,21,토,21660,0,0,1,0,1
2015-10-25,16.3,12.1,22.8,0,29,16,일,35278,0,0,1,0,0
2015-10-26,15,12,18.7,2,31,16,월,5181,0,0,1,0,0
2015-10-27,12.1,7.7,15.9,26.5,36,13,화,3014,0,0,1,0,0
2015-10-28,9.9,5.6,15.8,0,31,13,수,7233,0,0,1,0,0
2015-10-29,8.4,3.2,14.7,0.5,23,12,목,5077,0,0,1,0,0
2015-10-30,5.4,1.7,10.4,0,28,10,금,5600,0,0,1,0,0
2015-10-31,5.7,1.1,12.3,0,32,16,토,14047,0,0,1,0,0
2015-11-01,7,1.3,12.6,0,41,24,일,14286,0,0,1,0,0
2015-11-02,10.8,6.1,15.2,0,52,29,월,8630,0,0,1,0,1
2015-11-03,11.8,6.6,18.7,0,71,42,화,9645,0,0,1,0,1
2015-11-04,12.2,5.8,19.8,0,86,55,수,5646,0,0,1,0,1
2015-11-05,13.2,8.6,19.2,0,81,52,목,5086,0,0,1,0,1
2015-11-06,13.5,9.6,19.2,4.5,48,32,금,5560,0,0,1,0,1
2015-11-07,10.5,9.3,11.7,24.5,10,8,토,1724,0,0,1,0,1
2015-11-08,11.1,10.3,11.8,10.5,5,3,일,1536,0,0,1,0,1
2015-11-09,10.8,9.8,12.1,3.5,13,8,월,1847,0,0,1,0,1
2015-11-10,10,7.7,13.5,0,46,31,화,3437,0,0,1,0,1
2015-11-11,11.6,6.6,17.7,0,42,26,수,4022,0,0,1,0,1
2015-11-12,14.5,10.2,21,0,16,10,목,5650,0,0,1,0,0
2015-11-13,11.5,10.5,13.1,22.5,13,8,금,1286,0,0,1,0,0
2015-11-14,12.8,11,14.2,3.5,12,8,토,7064,0,0,1,0,1
2015-11-15,13.4,10.6,17.2,0,19,12,일,20030,0,0,1,0,1
2015-11-16,12.2,10.7,14,5.5,28,17,월,2134,0,0,1,0,1
2015-11-17,13.9,11,19.3,0,20,12,화,3096,0,0,1,0,0
2015-11-18,10.4,8.4,12.6,5.5,10,6,수,1174,0,0,1,0,0
2015-11-19,8.9,6.7,10.8,0,14,8,목,2796,0,0,1,0,0
2015-11-20,9.8,7.1,14.4,0,38,22,금,2400,0,0,1,0,0
2015-11-21,9.2,5,15.4,0,51,33,토,13298,0,0,1,0,1
2015-11-22,10.2,5.9,15.7,3.5,31,20,일,12375,0,0,1,0,0
2015-11-23,8.5,6.5,11,6.5,8,5,월,973,0,0,1,0,0
2015-11-24,5.6,2.7,8.8,0.5,24,15,화,1697,0,0,1,0,0
2015-11-25,2.4,0.9,5.3,11,12,9,수,1245,0,0,1,0,1
2015-11-26,-2.7,-4.8,0.9,0,34,24,목,1354,0,0,1,0,0
2015-11-27,-2.8,-7.3,2,0,39,26,금,1372,0,0,1,0,0
2015-11-28,0.1,-2.7,2.6,0.1,44,28,토,2644,0,0,1,0,1
2015-11-29,2.5,1,3.9,3,39,29,일,1340,0,0,1,0,1
2015-11-30,4.1,0.9,8.5,0,43,29,월,1369,0,0,1,0,1
2015-12-01,4,-1.3,10.4,0,52,32,화,1728,0,0,1,0,0
2015-12-02,6,2.9,8.5,13.5,52,31,수,348,0,0,1,0,1
2015-12-03,-0.7,-3.2,3.3,7.1,20,12,목,523,0,0,0,0,0
2015-12-04,-0.4,-4.4,3.1,0,39,15,금,1315,0,0,0,0,0
2015-12-05,3.4,0.6,7.2,0,34,16,토,3736,0,0,0,0,0
2015-12-06,1.3,-2,7.8,0,34,19,일,4083,0,0,0,0,0
2015-12-07,1.9,-3.4,6.7,0,51,29,월,1192,0,0,0,0,0
2015-12-08,2.9,-1.4,9.6,0,63,36,화,1626,0,0,0,0,0
2015-12-09,5,-0.8,10.9,0,69,39,수,1392,0,0,0,0,1
2015-12-10,7.8,5.8,9.2,0.3,47,28,목,842,0,0,0,0,1
2015-12-11,6.4,3.3,12.2,0,33,21,금,1495,0,0,0,0,1
2015-12-12,5.2,1.1,11,0,31,16,토,5972,0,0,0,0,0
2015-12-13,5.2,0.9,12.2,0,42,25,일,8514,0,0,0,0,0
2015-12-14,5,2.6,6.4,2.5,47,29,월,915,0,0,0,0,1
2015-12-15,4.7,2,8.2,0.1,54,33,화,1117,0,0,0,0,1
2015-12-16,-1,-5,2.8,0,28,13,수,1029,0,0,0,0,0
2015-12-17,-4.6,-7.4,-0.4,0,20,11,목,821,0,0,0,0,0
2015-12-18,-3.3,-7,-1,0,42,23,금,694,0,0,0,0,0
2015-12-19,-0.1,-4.6,6.8,0,62,36,토,3008,0,0,0,0,1
2015-12-20,1.5,-3.4,6,0,56,35,일,3456,0,0,0,0,1
2015-12-21,2.2,-0.2,5,2,52,34,월,683,0,0,0,0,1
2015-12-22,3.1,-1.5,7.7,0,65,40,화,1494,0,0,0,0,1
2015-12-23,5.9,2.9,10.6,0.4,59,37,수,1078,0,0,0,0,1
2015-12-24,1.5,-1.6,5.3,0,98,61,목,1404,0,0,0,0,1
2015-12-25,-0.8,-4.9,3.7,0,29,16,1,4636,0,0,0,0,0
2015-12-26,0.9,-3.2,4.7,0.7,75,40,토,3547,0,0,0,0,1
2015-12-27,-5.7,-8.9,-1,0,29,16,일,2007,0,0,0,0,0
2015-12-28,-5.7,-9.5,-1,0,27,15,월,888,0,0,0,0,0
2015-12-29,-3.2,-8.7,2.9,0,57,32,화,1170,0,0,0,0,0
2015-12-30,0.3,-3.5,4.3,2.5,60,36,수,22176,0,0,0,0,1
2015-12-31,0.7,-1.9,2.8,0,64,43,목,1281,0,0,0,0,1
2016-01-01,1.2,-3.3,4,0,68,45,1,4382,0,0,0,0,1
2016-01-02,5.7,1,9.5,0,51,31,토,7265,0,0,0,0,1
2016-01-03,6.5,5.1,9.4,0,96,58,일,4557,0,0,0,0,1
2016-01-04,2,-2.5,5.3,0,74,47,월,1690,0,0,0,0,1
2016-01-05,-2.7,-4.8,1.5,0,32,16,화,1256,0,0,0,0,0
2016-01-06,-1.7,-4.9,1.7,0,56,29,수,1174,0,0,0,0,0
2016-01-07,-3.4,-5.9,1.4,0,39,20,목,1044,0,0,0,0,0
2016-01-08,-3.3,-6.9,1,0,34,18,금,926,0,0,0,0,0
2016-01-09,-2.1,-6.2,2.4,0,37,19,토,2640,0,0,0,0,0
2016-01-10,0.3,-2.7,3.8,0,32,19,일,3604,0,0,0,0,0
2016-01-11,-3.8,-6.5,0.9,0,40,21,월,996,0,0,0,0,0
2016-01-12,-5.2,-9.1,0.7,0,49,24,화,1642,0,0,0,0,0
2016-01-13,-4.5,-8.2,0.1,0.4,38,20,수,1007,0,0,0,0,0
2016-01-14,-3.4,-8.4,1.3,0,43,21,목,872,0,0,0,0,0
2016-01-15,-0.4,-4.3,5.3,0,51,29,금,1047,0,0,0,0,0
2016-01-16,-0.2,-2.1,2.8,0.1,69,43,토,2997,0,0,0,0,1
2016-01-17,1.7,-0.7,5.4,0,69,46,일,3448,0,0,0,0,1
2016-01-18,-6.3,-12.3,0.4,0.2,56,32,월,808,0,0,0,0,1
2016-01-19,-12.8,-15.1,-8.9,0,33,13,화,300,0,0,0,0,0
2016-01-20,-10.5,-14.5,-5.2,0,38,22,수,422,0,0,0,0,0
2016-01-21,-7.1,-10.2,-2.3,0,51,30,목,627,0,0,0,0,0
2016-01-22,-7.6,-11.1,-3.8,0,50,27,금,586,0,0,0,0,0
2016-01-23,-11.5,-16,-8.3,0,32,14,토,890,0,0,0,0,0
2016-01-24,-14.4,-18,-10.5,0,38,19,일,324,0,0,0,0,0
2016-01-25,-9.4,-14.3,-3.4,0,50,17,월,422,0,0,0,0,0
2016-01-26,-3.3,-8.5,1.7,0.3,78,37,화,758,0,0,0,0,1
2016-01-27,-1.1,-4.7,4.3,0,63,31,수,1218,0,0,0,0,0
2016-01-28,-0.5,-5.6,3.5,0,58,31,목,1146,0,0,0,0,0
2016-01-29,1.9,-1.4,5.4,0,50,26,금,1777,0,0,0,0,0
2016-01-30,0.6,-2.5,5.2,0,40,24,토,4128,0,0,0,0,0
2016-01-31,-3.9,-6.5,0.3,0,39,21,일,2584,0,0,0,0,0
2016-02-01,-6,-9.1,-1,0,40,18,월,3746,0,0,0,0,0
2016-02-02,-5.3,-10,0.9,0,45,22,화,2927,0,0,0,0,0
2016-02-03,-2.4,-8.3,4,0,56,30,수,1130,0,0,0,0,0
2016-02-04,-0.7,-4,3.9,0,55,30,목,1120,0,0,0,0,0
2016-02-05,-2.2,-6.8,3.4,0,45,21,금,840,0,0,0,0,0
2016-02-06,-3.1,-6.2,2,0,50,24,토,2058,0,0,0,0,0
2016-02-07,-2.9,-8.3,3.5,0,46,24,일,2128,0,0,0,0,0
2016-02-08,1.3,-4.3,5.5,0,73,41,1,3221,0,0,0,0,1
2016-02-09,0.3,-3.9,5.5,0,50,25,1,7060,0,0,0,0,1
2016-02-10,2.7,-4.3,10.7,0,40,22,1,9949,0,0,0,0,0
2016-02-11,8.1,1.6,13.5,0.1,46,25,목,3098,0,0,0,0,0
2016-02-12,8.4,6.8,10,18,33,21,금,357,0,0,0,0,1
2016-02-13,11,5.8,14.4,21,15,10,토,2742,0,0,0,0,1
2016-02-14,-2.6,-6.8,5.8,2.5,29,17,일,2042,0,0,0,0,1
2016-02-15,-5.8,-10,-2.3,0,33,11,월,696,0,0,0,0,0
2016-02-16,-2.7,-6.7,1.1,0.8,27,15,화,994,0,0,0,0,0
2016-02-17,0,-5.2,5.4,0,38,15,수,1429,0,0,0,0,0
2016-02-18,3.5,-1.4,7.8,0,44,22,목,1622,0,0,0,0,0
2016-02-19,2.3,0.1,4.4,0,82,41,금,1630,0,0,0,0,1
2016-02-20,1.3,-2.5,6.3,0,44,18,토,6626,0,0,0,0,0
2016-02-21,-0.6,-4.2,4.4,0,26,12,일,5102,0,0,0,0,0
2016-02-22,1.1,-2.2,4.2,0,43,18,월,1398,0,0,0,0,0
2016-02-23,0.7,-4.5,4.5,0.9,53,27,화,1726,0,0,0,0,1
2016-02-24,-3,-6.8,2.2,0,32,17,수,1333,0,0,0,0,0
2016-02-25,-0.2,-5.8,5.7,0,51,28,목,1538,0,0,0,0,1
2016-02-26,2.2,-3.2,7.5,0,49,28,금,2519,0,0,0,0,1
2016-02-27,3.3,0.5,8.1,0.2,65,40,토,6519,0,0,0,0,1
2016-02-28,0.7,-2.6,6.9,4.1,46,28,일,4970,0,0,0,0,1
2016-02-29,-3.8,-5.9,-1.1,0,54,28,월,1233,0,0,0,0,0
2016-03-01,-2.7,-7.5,2.1,0,31,17,1,4507,1,0,0,0,0
2016-03-02,3.1,-2.2,8.1,0,36,20,수,2146,1,0,0,0,0
2016-03-03,8.1,4.4,13.9,0,56,30,목,1783,1,0,0,0,1
2016-03-04,13.2,6.4,20.3,0.1,68,36,금,2783,1,0,0,0,1
2016-03-05,11.3,9.1,13.5,40,22,14,토,1405,1,0,0,0,1
2016-03-06,7.9,4.3,12.9,0.2,94,23,일,11564,1,0,0,0,1
2016-03-07,8.1,4.8,12.2,0,108,28,월,1480,1,0,0,0,0
2016-03-08,2.7,-1.4,7,0,71,20,화,11521,1,0,0,0,0
2016-03-09,0.3,-2.7,5.3,0,44,15,수,1255,1,0,0,0,0
2016-03-10,-1.1,-4.3,3.1,0,35,14,목,1184,1,0,0,0,0
2016-03-11,-0.5,-5.5,4.6,0,36,17,금,2305,1,0,0,0,0
2016-03-12,2,-3.3,6.4,0,43,19,토,7460,1,0,0,0,0
2016-03-13,3.7,1.9,6.5,0.1,61,35,일,6352,1,0,0,0,1
2016-03-14,4.7,1.3,9.6,0,64,42,월,2385,1,0,0,0,1
2016-03-15,5.2,-1,12.4,0,57,28,화,2541,1,0,0,0,0
2016-03-16,7.5,2.7,13.8,0,64,32,수,2697,1,0,0,0,0
2016-03-17,9.3,2,14.7,0,76,40,목,2529,1,0,0,0,0
2016-03-18,13.4,8.8,20.1,0,66,36,금,2836,1,0,0,0,0
2016-03-19,11.4,6.6,18.1,0,77,39,토,33131,1,0,0,0,1
2016-03-20,10.6,4.9,17.5,0,83,44,일,34360,1,0,0,0,1
2016-03-21,9.9,5.5,16.1,0,87,48,월,3537,1,0,0,0,1
2016-03-22,8,3.5,13.8,0,72,44,화,3338,1,0,0,0,1
2016-03-23,8.2,3.8,13.8,0,81,46,수,2787,1,0,0,0,1
2016-03-24,7.2,1.6,12.7,0,41,21,목,2438,1,0,0,0,0
2016-03-25,7.1,2.1,12.6,0,70,35,금,3291,1,0,0,0,0
2016-03-26,6.5,2.1,12.6,0,66,40,토,21748,1,0,0,0,1
2016-03-27,7.2,2.2,13.1,0,66,40,일,30489,1,0,0,0,1
2016-03-28,9.8,2.3,17.4,0,70,40,월,4136,1,0,0,0,1
2016-03-29,11.3,7.6,17.1,0.1,97,51,화,2248,1,0,0,0,1
2016-03-30,11.5,7,18.3,0,91,48,수,4857,1,0,0,0,1
2016-03-31,13.5,6,21.4,0,51,22,목,4758,1,0,0,0,0
2016-04-01,15.3,7.3,23.8,0,72,30,금,7537,1,0,0,0,0
2016-04-02,15,9.6,21.7,0,80,39,토,37787,1,0,0,0,1
2016-04-03,10.7,8.2,12.7,2,52,31,일,9952,1,0,0,0,1
2016-04-04,12.3,5.1,19.8,0,29,12,월,6813,1,0,0,0,0
2016-04-05,11.4,5.9,18.1,0,58,22,화,7452,1,0,0,0,0
2016-04-06,14.4,6.6,22.9,3,74,36,수,9032,1,0,0,0,0
2016-04-07,14.1,10.5,20.6,7.5,43,24,목,5013,1,0,0,0,0
2016-04-08,11.1,7.8,18.7,0,77,39,금,11370,1,0,0,0,1
2016-04-09,10.7,7.4,14.1,0,117,58,토,32879,1,0,0,0,1
2016-04-10,13.4,9.3,20.7,0,134,68,일,33139,1,0,0,0,1
2016-04-11,12.5,5.7,19.4,0,46,20,월,11313,1,0,0,0,0
2016-04-12,14.1,10.3,19.4,0,57,27,화,12028,1,0,0,0,0
2016-04-13,15.6,11.4,21.4,1,58,32,1,26405,1,0,0,0,1
2016-04-14,12.4,9.3,18.6,0,57,30,목,7079,1,0,0,0,1
2016-04-15,15,8.1,23.1,0,54,27,금,14228,1,0,0,0,0
2016-04-16,14.9,9.8,20.7,23.5,51,24,토,14154,1,0,0,0,0
2016-04-17,10.8,8.3,14.5,20.5,46,16,일,14205,1,0,0,0,0
2016-04-18,11.2,7.1,18.6,1.5,63,23,월,5862,1,0,0,0,1
2016-04-19,12,6.5,19.2,0,45,20,화,12051,1,0,0,0,0
2016-04-20,14.3,10.1,20.9,0.5,63,31,수,6493,1,0,0,0,1
2016-04-21,13.5,10.3,16.9,17,27,17,목,3489,1,0,0,0,1
2016-04-22,13.5,10.1,18.6,0,81,47,금,9794,1,0,0,0,1
2016-04-23,13.5,7.8,19.8,0,198,42,토,14361,1,0,0,0,1
2016-04-24,15.5,8.1,23.7,0,144,26,일,19642,1,0,0,0,0
2016-04-25,17.2,10.2,25.3,0,76,24,월,19979,1,0,0,0,0
2016-04-26,21.1,12.1,29.6,0,78,29,화,11099,1,0,0,0,0
2016-04-27,17.2,14.5,20.7,0,50,16,수,9335,1,0,0,0,0
2016-04-28,17.2,12.4,23,0,58,20,목,11151,1,0,0,0,0
2016-04-29,16.2,10.9,22.6,0.3,63,27,금,15084,1,0,0,0,0
2016-04-30,15.9,10.8,20.4,0,76,35,토,21736,1,0,0,0,1
2016-05-01,18.8,12.2,26,0,45,20,일,31290,1,0,0,0,0
2016-05-02,21.1,16.5,28.4,16.5,46,24,월,7756,1,0,0,0,0
2016-05-03,12.9,8.9,17.6,27,19,9,화,754,1,0,0,0,0
2016-05-04,15.7,10.2,20.6,0,49,12,수,11015,1,0,0,0,0
2016-05-05,18.9,10.2,26.9,7.5,54,21,1,58688,1,0,0,0,1
2016-05-06,16.3,13,18.6,9.5,46,22,1,8162,1,0,0,0,1
2016-05-07,16.5,10.7,22.6,0,112,22,토,26612,1,0,0,0,1
2016-05-08,19.4,11.6,26.8,0,52,16,일,19719,1,0,0,0,0
2016-05-09,20.2,16.3,25.4,0,59,21,월,6883,1,0,0,0,0
2016-05-10,14.5,12.5,18.1,13.5,31,14,화,2258,1,0,0,0,0
2016-05-11,16.4,10.4,23.5,0,29,13,수,7812,1,0,0,0,0
2016-05-12,17.8,12.1,24,0,29,15,목,17015,1,0,0,0,0
2016-05-13,18.6,12.7,25.4,0.5,39,21,금,17536,1,0,0,0,1
2016-05-14,20.2,15.1,26.9,0,34,18,토,33879,1,0,0,0,0
2016-05-15,17.4,12.3,24.2,45,33,19,일,14485,1,0,0,0,0
2016-05-16,15.9,10.8,21.9,2.5,35,17,월,5422,1,0,0,0,0
2016-05-17,19.3,10.9,26.6,0,67,37,화,8423,1,0,0,0,0
2016-05-18,22.3,13.5,29.5,0,51,28,수,7567,1,0,0,0,0
2016-05-19,24.3,16.3,31.9,0,39,20,목,10067,1,0,0,0,0
2016-05-20,24,16.8,31.6,0,52,30,금,23976,1,0,0,0,1
2016-05-21,24.1,17.8,30.4,0,38,25,토,24125,1,0,0,0,0
2016-05-22,24.7,17.6,31.7,0,55,38,일,19183,1,0,0,0,0
2016-05-23,23.3,18.3,29.4,0,68,45,월,5807,1,0,0,0,1
2016-05-24,16.8,15.4,21.8,38.5,33,23,화,4843,1,0,0,0,1
2016-05-25,19.7,15.3,24.4,0,90,61,수,8512,1,0,0,0,1
2016-05-26,19.4,17.5,22.9,0,106,71,목,11009,1,0,0,0,1
2016-05-27,20.9,14.8,27.1,0,91,54,금,13374,1,0,0,0,1
2016-05-28,21.7,17.2,28,0,77,39,토,30005,0,1,0,0,1
2016-05-29,21.5,17.2,27.6,0,82,42,일,30541,0,1,0,0,1
2016-05-30,22.1,16.9,28.9,0,92,54,월,6632,0,1,0,0,1
2016-05-31,21.6,17.4,27.6,0,78,46,화,8769,0,1,0,0,1
2016-06-01,23.3,17.1,29.9,0,41,22,수,7759,0,1,0,0,0
2016-06-02,23.2,17.2,29.1,0,36,18,목,11292,0,1,0,0,0
2016-06-03,22.2,17.6,27.7,0,46,25,금,12877,0,1,0,0,0
2016-06-04,21.2,18.2,26.3,0,52,28,토,33802,0,1,0,0,0
2016-06-05,24.7,17.3,32.2,0,50,28,일,41743,0,1,0,0,0
2016-06-06,23.3,20.8,28.4,0,22,13,1,39271,0,1,0,0,0
2016-06-07,21.7,19.6,25.9,0.1,42,26,화,7333,0,1,0,0,1
2016-06-08,22.1,18.2,27.7,0,38,24,수,6171,0,1,0,0,1
2016-06-09,24.1,17.8,31.3,0,53,31,목,5514,0,1,0,0,1
2016-06-10,24.6,20.2,31.3,0,60,36,금,8010,0,1,0,0,1
2016-06-11,23.5,20.9,26.5,3,48,31,토,15784,0,1,0,0,1
2016-06-12,23.5,19.9,26.7,1.5,30,20,일,14106,0,1,0,0,1
2016-06-13,23.5,19.4,29.6,0,63,36,월,3884,0,1,0,0,1
2016-06-14,23.8,19.7,29.5,0,51,31,화,3647,0,1,0,0,1
2016-06-15,20.9,17.4,24.5,15.5,36,23,수,846,0,1,0,0,1
2016-06-16,20.9,18.6,24.9,0,31,19,목,4572,0,1,0,0,1
2016-06-17,23.8,18.6,29.1,0,54,36,금,4479,0,1,0,0,1
2016-06-18,24.5,20.1,29.9,0,66,45,토,13938,0,1,0,0,1
2016-06-19,24.1,20.3,29.3,0,40,28,일,12939,0,1,0,0,1
2016-06-20,24.7,19.6,30.7,0,52,35,월,4391,0,1,0,0,1
2016-06-21,26,21,31.3,0,62,42,화,2767,0,1,0,0,1
2016-06-22,24.3,20.9,30.2,30.5,70,48,수,1610,0,1,0,0,1
2016-06-23,24.7,19.6,29.4,0.1,44,30,목,3664,0,1,0,0,1
2016-06-24,23.1,21.1,25.7,3.5,55,32,금,1505,0,1,0,0,1
2016-06-25,22.8,19.2,26.7,0,33,17,토,13799,0,1,0,0,0
2016-06-26,24.4,19.4,30.3,0,31,18,일,13252,0,1,0,0,0
2016-06-27,24.4,19.9,29.5,0,35,21,월,3038,0,1,0,0,0
2016-06-28,24.7,20.4,29.7,0,61,41,화,2618,0,1,0,0,1
2016-06-29,25.3,20.9,30.2,0,36,24,수,2438,0,1,0,0,0
2016-06-30,24.6,23,26.9,0.2,30,20,목,2357,0,1,0,0,1
2016-07-01,24,22,26.6,108.5,21,14,금,2712,0,1,0,0,1
2016-07-02,23.5,20.6,27.7,4,14,9,토,9126,0,1,0,0,1
2016-07-03,23.5,21.1,26.8,0,41,29,일,10843,0,1,0,0,1
2016-07-04,21.8,20.2,24.1,29.5,21,14,월,677,0,1,0,0,0
2016-07-05,23.1,20.2,24.8,100.5,13,8,화,255,0,1,0,0,1
2016-07-06,22.9,20.3,26.9,0,18,9,수,1843,0,1,0,0,0
2016-07-07,24,20.1,28.5,0,42,26,목,2035,0,1,0,0,1
2016-07-08,27.3,21.2,32.4,0,56,36,금,3098,0,1,0,0,1
2016-07-09,27.7,23.2,32.7,0,39,23,토,5459,0,1,0,0,0
2016-07-10,27.9,23.2,33.1,0,35,22,일,4688,0,1,0,0,0
2016-07-11,28.4,24.8,33.4,0,54,36,월,1587,0,1,0,0,1
2016-07-12,26.3,22.1,30.9,3,38,27,화,11688,0,1,0,0,1
2016-07-13,26.3,23.2,29.5,0,30,17,수,4057,0,1,0,0,0
2016-07-14,27.5,24,32.4,0.1,29,17,목,2097,0,1,0,0,1
2016-07-15,26.2,23.7,29.2,1.5,18,10,금,3112,0,1,0,0,0
2016-07-16,20.8,19.8,23.8,46.5,9,5,토,1002,0,1,0,0,0
2016-07-17,21.7,20.4,23.1,2.5,14,9,일,9518,0,1,0,0,1
2016-07-18,24.4,20.7,28.4,0.2,28,16,월,2853,0,1,0,0,0
2016-07-19,27.1,20.9,32.4,0,36,21,화,2267,0,1,0,0,0
2016-07-20,28.6,24,32.9,0,37,23,수,1708,0,1,0,0,0
2016-07-21,28.3,24.9,32.2,0,31,19,목,1839,0,1,0,0,0
2016-07-22,29.1,25.3,34.1,0,36,23,금,1400,0,1,0,0,0
2016-07-23,28.7,27.2,31.6,0.5,41,27,토,4251,0,1,0,0,1
2016-07-24,28,27,30.1,0.5,38,25,일,4628,0,1,0,0,1
2016-07-25,28.4,26.4,31.4,0,44,31,월,2032,0,1,0,0,1
2016-07-26,28.4,25.6,31.9,0,34,23,화,1860,0,1,0,0,0
2016-07-27,27.6,26.7,28.9,0.5,35,23,수,1462,0,1,0,0,1
2016-07-28,28,26.7,30.5,0.2,57,39,목,2383,0,1,0,0,1
2016-07-29,26.3,23.4,28.4,59.5,46,29,금,5240,0,1,0,0,1
2016-07-30,28.6,26.4,33,0.5,44,30,토,6092,0,1,0,0,1
2016-07-31,28.9,26.6,32.8,0.2,39,27,일,5155,0,1,0,0,1
2016-08-01,28.4,25.8,32.4,0,33,22,월,4450,0,1,0,0,1
2016-08-02,27.2,25,31.1,2,27,16,화,4359,0,1,0,0,0
2016-08-03,29.1,24,34.2,0,29,17,수,3018,0,1,0,0,0
2016-08-04,30.7,26,35.7,0,32,20,목,1683,0,1,0,0,0
2016-08-05,31.2,26.5,36,0,40,26,금,1766,0,1,0,0,1
2016-08-06,30.5,26.6,34,0,59,39,토,3029,0,1,0,0,1
2016-08-07,30.6,27,35,0,36,25,일,2586,0,1,0,0,0
2016-08-08,30.5,26.4,35.5,0,40,25,월,1118,0,1,0,0,1
2016-08-09,29.3,26.4,33.6,1,32,22,화,1188,0,1,0,0,1
2016-08-10,29.4,26.1,34.8,0,64,44,수,1198,0,1,0,0,1
2016-08-11,30.5,26.1,36.4,0,32,20,목,1106,0,1,0,0,0
2016-08-12,30.4,26.4,35.9,0,42,28,금,1222,0,1,0,0,1
2016-08-13,30.2,26.8,35.1,0,36,25,토,3177,0,1,0,0,1
2016-08-14,28.9,27.3,31.8,0.2,36,27,일,6159,0,1,0,0,1
2016-08-15,29.1,25.8,34,0,36,23,1,4256,0,1,0,0,1
2016-08-16,29.3,26.2,34.9,0.5,46,29,화,1428,0,1,0,0,0
2016-08-17,29.9,25.1,34.7,0,42,25,수,1454,0,1,0,0,0
2016-08-18,29.9,26.2,34.3,0,53,35,목,11359,0,1,0,0,1
2016-08-19,28.9,26.6,33.2,11.5,60,42,금,5345,0,1,0,0,1
2016-08-20,30.1,26.5,34.9,0,33,21,토,5468,0,1,0,0,0
2016-08-21,30.7,26.9,36.6,0,27,18,일,4429,0,1,0,0,0
2016-08-22,30.7,25.8,36.3,0.4,29,18,월,1088,0,1,0,0,0
2016-08-23,28.3,26,33,8,34,21,화,1146,0,1,0,0,1
2016-08-24,29.1,26.4,32.9,0,35,22,수,1336,0,1,0,0,1
2016-08-25,27.1,24,32.2,4.5,30,18,목,1289,0,1,0,0,1
2016-08-26,23,19.5,28.2,20,14,6,금,2575,0,1,0,0,1
2016-08-27,23.4,16.9,29.7,0,13,5,토,19035,0,1,0,0,0
2016-08-28,21,18.3,24.5,1.5,11,4,일,18218,0,1,0,0,0
2016-08-29,22.2,17.4,27.1,0,16,7,월,3636,0,1,0,0,0
2016-08-30,20.6,17.9,24.5,0,28,9,화,3382,0,1,0,0,0
2016-08-31,17.7,16.1,19.2,17.5,18,7,수,20690,0,1,0,0,1
2016-09-01,23.2,15.8,28.6,0,60,33,목,2725,0,1,0,0,1
2016-09-02,24.2,20.6,29,4.5,33,23,금,2884,0,1,0,0,1
2016-09-03,23.9,20.4,28.6,0.5,21,13,토,19980,0,1,0,0,1
2016-09-04,25.6,22.1,29.6,0,22,13,일,19815,0,1,0,0,1
2016-09-05,26.4,23,31.1,0,31,17,월,2784,0,1,0,0,0
2016-09-06,24.7,21,29,0,58,35,화,2806,0,1,0,0,1
2016-09-07,24.3,20.9,28.6,0,76,51,수,2568,0,1,0,0,1
2016-09-08,23,21.5,26.5,4.5,48,30,목,1717,0,1,0,0,1
2016-09-09,23.9,19.7,29.3,0,42,27,금,8865,0,1,0,0,1
2016-09-10,24.4,20,29.1,0,41,27,토,16066,0,1,0,0,1
2016-09-11,24.5,22.1,28.2,0,39,27,일,19518,0,1,0,0,1
2016-09-12,23.4,21.4,27.5,2.5,29,18,월,2976,0,1,0,0,1
2016-09-13,24.6,19.6,30.8,0,18,10,화,4363,0,1,0,0,0
2016-09-14,24.6,21.4,28.9,0,32,21,1,11712,0,1,0,0,1
2016-09-15,23.9,18.8,29.5,0,41,27,1,17941,0,1,0,0,1
2016-09-16,24.6,20.4,29.5,0,50,35,1,32719,0,1,0,0,1
2016-09-17,23.1,18.5,28.2,7,29,20,토,19920,0,1,0,0,1
2016-09-18,23.5,20.2,28.3,0,23,13,일,21560,0,1,0,0,0
2016-09-19,21.9,18.2,27.8,0,13,5,월,3360,0,1,0,0,0
2016-09-20,20.6,15.4,26.8,0,18,10,화,4447,0,1,0,0,0
2016-09-21,20.2,14.3,25.3,0,33,22,수,3825,0,1,0,0,0
2016-09-22,21.9,17.5,27.2,0,40,26,목,4565,0,1,0,0,0
2016-09-23,21.4,16.4,27.9,0,51,33,금,5709,0,1,0,0,1
2016-09-24,22.3,16.5,28.9,0,61,41,토,23547,0,1,0,0,1
2016-09-25,23,18.6,29.7,0,53,36,일,21160,0,1,0,0,1
2016-09-26,23.6,19.7,28.9,0,45,29,월,3713,0,1,0,0,0
2016-09-27,21,19.1,23.8,13.5,35,23,화,1483,0,1,0,0,1
2016-09-28,19.9,18.7,21.8,0.5,35,21,수,4026,0,0,1,0,1
2016-09-29,20.4,18.2,24.8,0,14,6,목,5586,0,0,1,0,0
2016-09-30,20.5,17.7,23.5,0,30,14,금,7872,0,0,1,0,1
2016-10-01,21.1,17.5,25.6,0,45,26,토,27694,0,0,1,0,1
2016-10-02,19,16.7,22.4,18.5,29,17,일,1857,0,0,1,0,1
2016-10-03,22.7,19.6,27.9,6.5,17,9,1,30759,0,0,1,0,0
2016-10-04,22,15.6,29,0,30,15,화,17225,0,0,1,0,0
2016-10-05,21.1,17.5,27.2,0,26,13,수,4904,0,0,1,0,0
2016-10-06,18,13.6,23.5,0,38,18,목,8778,0,0,1,0,0
2016-10-07,19.7,16.5,24.8,2,26,12,금,8665,0,0,1,0,1
2016-10-08,16.8,10.3,21.8,6,21,10,토,16488,0,0,1,0,1
2016-10-09,11.3,6.5,16.6,0,18,9,일,23046,0,0,1,0,0
2016-10-10,14,7.4,21.4,0,27,11,월,4613,0,0,1,0,0
2016-10-11,15.4,10,21.1,0,44,22,화,9394,0,0,1,0,1
2016-10-12,15.5,11.4,20.7,0,55,29,수,5885,0,0,1,0,1
2016-10-13,15.2,9.3,21.9,0,42,20,목,8678,0,0,1,0,0
2016-10-14,16.7,10.5,23.5,0,72,41,금,11883,0,0,1,0,1
2016-10-15,19.1,12.4,27.1,0,78,49,토,23584,0,0,1,0,1
2016-10-16,17.2,15.4,19.5,1.5,54,36,일,8506,0,0,1,0,1
2016-10-17,17.5,14.5,21.7,0,51,32,월,5074,0,0,1,0,1
2016-10-18,17,11.2,24,0,55,29,화,8224,0,0,1,0,1
2016-10-19,18,14,24.3,0,64,36,수,8681,0,0,1,0,1
2016-10-20,18.6,12.9,25.8,0,64,37,목,8095,0,0,1,0,1
2016-10-21,17.9,15.7,22,0,24,12,금,11299,0,0,1,0,0
2016-10-22,18.3,14.5,22.8,0,29,15,토,28301,0,0,1,0,0
2016-10-23,13.3,10.6,17.8,2.5,11,6,일,14427,0,0,1,0,0
2016-10-24,15.1,9,20.6,0,17,7,월,8377,0,0,1,0,0
2016-10-25,14.1,12.5,17.5,37,16,9,화,2591,0,0,1,0,1
2016-10-26,13.3,10.5,16.3,0,41,21,수,6884,0,0,1,0,1
2016-10-27,14.6,8.6,20.9,0,44,22,목,7301,0,0,1,0,1
2016-10-28,14.6,10.2,18.4,0.3,37,17,금,6538,0,0,1,0,0
2016-10-29,7.8,3.5,11.2,0,35,16,토,15346,0,0,1,0,0
2016-10-30,7.9,1.6,15.1,0,26,12,일,17706,0,0,1,0,0
2016-10-31,5.7,0.7,8.2,0.5,29,15,월,2096,0,0,1,0,0
2016-11-01,1.5,-2.4,6.6,0,23,10,화,2305,0,0,1,0,0
2016-11-02,4.1,-2.7,10.5,0.1,35,16,수,7520,0,0,1,0,0
2016-11-03,9.1,4.2,14.1,0.2,41,23,목,3254,0,0,1,0,1
2016-11-04,12.3,8.2,15.7,0,60,33,금,4834,0,0,1,0,1
2016-11-05,15,12.2,18.1,0,75,44,토,14380,0,0,1,0,1
2016-11-06,14,11.9,18.3,0,32,19,일,19529,0,0,1,0,1
2016-11-07,12.8,8.5,17.8,5.5,34,23,월,5735,0,0,1,0,1
2016-11-08,4.1,0.4,8.4,0.5,64,49,화,2570,0,0,1,0,1
2016-11-09,2.1,-3.2,8.6,0,41,27,수,2630,0,0,1,0,0
2016-11-10,6,1.5,9.8,0.4,41,26,목,1928,0,0,1,0,1
2016-11-11,9.1,6.2,14.2,4,50,22,금,3662,0,0,1,0,1
2016-11-12,11.4,5.1,16.7,0,75,31,토,13925,0,0,1,0,1
2016-11-13,14.4,12.1,18.1,0.5,62,30,일,13407,0,0,1,0,1
2016-11-14,13.2,10.2,15.8,1.5,53,29,월,1819,0,0,1,0,1
2016-11-15,5.2,2.5,10.2,0,58,20,화,2205,0,0,1,0,1
2016-11-16,5.2,0,12,0,54,27,수,2019,0,0,1,0,0
2016-11-17,9.1,4,16.5,0,74,39,목,3480,0,0,1,0,1
2016-11-18,10.3,4.9,14.6,0,94,54,금,2356,0,0,1,0,1
2016-11-19,13,9.9,18.6,0,56,34,토,9936,0,0,1,0,1
2016-11-20,9.8,6.4,15.3,0,44,24,일,24388,0,0,1,0,1
2016-11-21,9.5,5.1,14.6,0,62,29,월,2231,0,0,1,0,0
2016-11-22,2,-2.1,8.4,0.2,43,18,화,1433,0,0,1,0,0
2016-11-23,-1.8,-4.8,3.6,0,38,15,수,1021,0,0,1,0,0
2016-11-24,-2.5,-6.2,2.4,0,27,13,목,881,0,0,1,0,0
2016-11-25,1,-3.5,6,0,39,21,금,1817,0,0,1,0,0
2016-11-26,0.9,-0.7,2.7,2.8,54,36,토,2325,0,0,1,0,1
2016-11-27,3.3,0.5,6.6,0,71,48,일,3815,0,0,1,0,1
2016-11-28,1.4,-1.4,5.6,0,81,39,월,1180,0,0,1,0,1
2016-11-29,1.7,-2.8,8.6,0,40,23,화,1237,0,0,1,0,0
2016-11-30,6,0.7,9.8,1,46,27,수,978,0,0,1,0,1
2016-12-01,4.1,-1,7,0,50,26,목,1483,0,0,1,0,1
2016-12-02,1.6,-3.5,7.9,0,37,17,금,1224,0,0,1,0,0
2016-12-03,4.5,-0.7,11.3,0,54,30,토,5705,0,0,0,0,1
2016-12-04,5.5,2,9.5,0,81,53,일,4360,0,0,0,0,1
2016-12-05,5.9,0.5,10.3,1.5,85,56,월,952,0,0,0,0,1
2016-12-06,-1.1,-4.2,4.3,0,26,12,화,997,0,0,0,0,0
2016-12-07,1.7,-2.7,7.5,0,51,27,수,1314,0,0,0,0,1
2016-12-08,2.1,-3,6.1,3,56,34,목,1090,0,0,0,0,1
2016-12-09,1.4,-2.9,4.2,3,34,23,금,1245,0,0,0,0,1
2016-12-10,-1.6,-5.9,3.6,0,34,21,토,2386,0,0,0,0,0
2016-12-11,-1.1,-6.1,6.4,0,35,22,일,3222,0,0,0,0,0
2016-12-12,2.3,-3,6.3,0,46,29,월,1043,0,0,0,0,0
2016-12-13,3.4,-0.4,8.8,0,62,40,화,1312,0,0,0,0,1
2016-12-14,-1.4,-2.3,-0.1,0.1,53,30,수,930,0,0,0,0,1
2016-12-15,-5,-7.6,-1.5,0,35,17,목,698,0,0,0,0,0
2016-12-16,-4.7,-9.8,0,0,33,17,금,565,0,0,0,0,0
2016-12-17,2.7,-2.7,8,0,57,35,토,2403,0,0,0,0,1
2016-12-18,4.9,2.7,8.1,0,49,33,일,,0,0,0,0,1
2016-12-19,7.2,4.3,12,0.1,38,24,월,,0,0,0,0,1
2016-12-20,7.6,4.4,13.6,0,53,34,화,,0,0,0,0,1
2016-12-21,7.9,4.1,12.6,29,40,25,수,,0,0,0,0,1
2016-12-22,5.5,1.5,11,23.5,30,21,목,,0,0,0,0,1
2016-12-23,-2.5,-4.4,1.5,0.1,52,36,금,,0,0,0,0,1
2016-12-24,-2.4,-4.3,1.1,0,67,51,토,,0,0,0,0,1
2016-12-25,1,-4.5,6.4,0,56,42,일,,0,0,0,0,1
2016-12-26,2.5,1.3,4.4,0,50,33,월,,0,0,0,0,1
2016-12-27,-2.3,-6.3,1.3,0.5,41,27,화,,0,0,0,0,1
2016-12-28,-3.7,-8.4,2.6,0,44,25,수,,0,0,0,0,0
2016-12-29,-4.2,-7.2,-1.1,0.3,35,16,목,,0,0,0,0,0
2016-12-30,-3.9,-9.1,1,0,42,24,금,,0,0,0,0,0
2016-12-31,0.7,-3.6,5.7,0,58,40,토,,0,0,0,0,1
2017-01-01,2.7,-1.6,6.9,0,77,57,일,,0,0,0,0,1
2017-01-02,5,1.8,9.2,0.3,110,79,월,,0,0,0,0,1
2017-01-03,2,-2.3,7.7,0,79,52,화,,0,0,0,0,1
2017-01-04,3.9,1,8.9,0,55,35,수,,0,0,0,0,1
2017-01-05,3.8,-0.1,7.3,0,36,22,목,,0,0,0,0,0
2017-01-06,5.4,2.5,11.4,0,20,13,금,,0,0,0,0,0
2017-01-07,4.6,0,10.5,0,54,37,토,,0,0,0,0,1
2017-01-08,6.5,4,10.9,0,31,22,일,,0,0,0,0,1
2017-01-09,1.5,-3.1,4.3,0,59,46,월,,0,0,0,0,1
2017-01-10,-3.7,-7.4,1.1,0,31,16,화,,0,0,0,0,1
2017-01-11,-3.8,-9.4,1.5,0,24,12,수,,0,0,0,0,0
2017-01-12,-2.2,-6.1,1,0,30,16,목,,0,0,0,0,0
2017-01-13,-6,-8.6,-1.4,0.6,30,13,금,,0,0,0,0,0
2017-01-14,-8.4,-10.5,-5.4,0,44,12,토,,0,0,0,0,0
2017-01-15,-6.6,-11.5,-0.9,0,27,14,일,,0,0,0,0,0
2017-01-16,-3.8,-8.9,4,0,47,26,월,,0,0,0,0,0
2017-01-17,-2,-7.1,3.4,0,68,45,화,,0,0,0,0,1
2017-01-18,-0.5,-3,2.8,0,99,73,수,,0,0,0,0,1
2017-01-19,-1.2,-4.9,4.7,0,102,72,목,,0,0,0,0,1
2017-01-20,-4.4,-7.8,-1.4,4,57,40,금,,0,0,0,0,1
2017-01-21,-5.2,-10,-0.9,2.1,48,34,토,,0,0,0,0,1
2017-01-22,-8.3,-10.9,-3.3,0,75,27,일,,0,0,0,0,1
2017-01-23,-8.9,-12.6,-4.1,0,47,35,월,,0,0,0,0,1
2017-01-24,-7,-11.6,-1.3,0,39,28,화,,0,0,0,0,0
2017-01-25,-5.2,-10.2,0.9,0,49,36,수,,0,0,0,0,1
2017-01-26,-1.3,-7.9,3.4,0.3,64,48,목,,0,0,0,0,1
2017-01-27,-2.6,-5.7,3.1,3,107,20,1,,0,0,0,0,1
2017-01-28,-1.6,-8.2,4.3,0,32,12,토,,0,0,0,0,0
2017-01-29,0.8,-0.9,2.5,4.5,27,16,일,,0,0,0,0,1
2017-01-30,-4.8,-7.9,-0.9,0.1,48,34,1,,0,0,0,0,1
2017-01-31,-5.4,-9.9,0.2,0,29,18,화,,0,0,0,0,0
2017-02-01,-4,-7.5,0.7,0,35,21,수,,0,0,0,0,0
2017-02-02,-2.7,-9.2,3.3,0,32,17,목,,0,0,0,0,0
2017-02-03,1.5,-2.3,6.7,0,68,45,금,,0,0,0,0,1
2017-02-04,0.9,-2.9,3.2,0,96,70,토,,0,0,0,0,1
2017-02-05,1.2,-1.5,2.3,0.5,70,55,일,,0,0,0,0,1
2017-02-06,-1.7,-4.4,2.6,0,40,27,월,,0,0,0,0,1
2017-02-07,-2,-5.6,3,0,40,23,화,,0,0,0,0,0
2017-02-08,-2.2,-4.9,0.6,0,53,30,수,,0,0,0,0,0
2017-02-09,-5.3,-7.1,-2.1,0,50,18,목,,0,0,0,0,0
2017-02-10,-6.6,-9.3,-2.5,0,32,17,금,,0,0,0,0,0
2017-02-11,-4.8,-9.2,0.8,0,29,16,토,,0,0,0,0,0
2017-02-12,-2.2,-7.4,4.2,0,31,18,일,,0,0,0,0,0
2017-02-13,0.1,-5.4,6.1,0,43,28,월,,0,0,0,0,1
2017-02-14,0.3,-4,6.5,0,51,32,화,,0,0,0,0,1
2017-02-15,1.8,-3.9,8,0,60,41,수,,0,0,0,0,1
2017-02-16,5.5,-1.9,10.3,0,69,46,목,,0,0,0,0,1
2017-02-17,0.8,-5.2,9,4,46,17,금,,0,0,0,0,1
2017-02-18,-2.6,-7,2.9,0,31,17,토,,0,0,0,0,0
2017-02-19,2.3,-3.4,5.7,1,43,26,일,,0,0,0,0,1
2017-02-20,-1.5,-5.2,5.4,0.5,43,22,월,,0,0,0,0,1
2017-02-21,-0.6,-7.6,6.9,0,46,29,화,,0,0,0,0,0
2017-02-22,1.7,-0.9,2.9,5.1,40,28,수,,0,0,0,0,1
2017-02-23,-1.5,-4.2,2.1,0,34,21,목,,0,0,0,0,1
2017-02-24,-0.8,-5.8,4.4,0,28,17,금,,0,0,0,0,0
2017-02-25,2.6,-2.8,8.4,0,46,30,토,,0,0,0,0,1
2017-02-26,3.6,-1.5,10.1,0,47,32,일,,0,0,0,0,1
2017-02-27,3.7,-1.8,10.7,0,38,24,월,,0,0,0,0,0
2017-02-28,5.6,-1.3,12.3,0,42,26,화,,0,0,0,0,0
2017-03-01,5,2,11.4,5,57,41,1,,1,0,0,0,1
2017-03-02,1.8,-1.1,6.6,0.5,33,22,목,,1,0,0,0,1
2017-03-03,3.3,-3.1,10.4,0,43,22,금,,1,0,0,0,0
2017-03-04,5.7,0.1,12.7,0,51,32,토,,1,0,0,0,1
2017-03-05,5.2,1.2,10.4,0.5,67,48,일,,1,0,0,0,1
2017-03-06,0.1,-2.8,4,0,36,25,월,,1,0,0,0,1
2017-03-07,-1.3,-4,2.9,0,33,20,화,,1,0,0,0,0
2017-03-08,-0.1,-5.3,5,0,43,20,수,,1,0,0,0,0
2017-03-09,3.2,-2.7,10.7,0,46,21,목,,1,0,0,0,0
2017-03-10,4.8,-1.2,12.2,0,44,26,금,,1,0,0,0,0
2017-03-11,7.3,-0.2,16.7,0,62,40,토,,1,0,0,0,1
2017-03-12,8.2,4.4,14,0,89,64,일,,1,0,0,0,1
2017-03-13,6.9,1.5,12.2,0,61,42,월,,1,0,0,0,1
2017-03-14,5.8,1,10.9,0,49,29,화,,1,0,0,0,0
2017-03-15,6.3,0.4,13.3,0,41,24,수,,1,0,0,0,0
2017-03-16,6.2,1,13.4,0,63,43,목,,1,0,0,0,0
2017-03-17,7.7,1.2,15.7,0,74,54,금,,1,0,0,0,1
2017-03-18,9.5,5.9,16.1,0,72,50,토,,1,0,0,0,1
2017-03-19,10.9,3.2,18.9,0,74,54,일,,1,0,0,0,1
2017-03-20,10.2,6,15.5,0,97,68,월,,1,0,0,0,1
2017-03-21,7.4,4.3,12.6,0,99,67,화,,1,0,0,0,1
2017-03-22,7.6,1.9,14.1,0,51,31,수,,1,0,0,0,0
2017-03-23,9.1,5.1,15,0,72,42,목,,1,0,0,0,1
2017-03-24,8.7,3.9,15.2,0,59,35,금,,1,0,0,0,1
2017-03-25,8.1,5,12.6,0,64,42,토,,1,0,0,0,1
2017-03-26,7.3,4.8,11.6,0,60,43,일,,1,0,0,0,1
2017-03-27,6.1,4.4,10.9,0.4,73,54,월,,1,0,0,0,1
2017-03-28,7.1,2.5,12.7,0,81,57,화,,1,0,0,0,1
2017-03-29,8.8,4.7,14.4,0,55,39,수,,1,0,0,0,1
2017-03-30,10.6,4.1,17.1,0,66,42,목,2369,1,0,0,0,1
2017-03-31,8.6,4.9,12.4,1.5,49,33,금,1299,1,0,0,0,1
2017-04-01,9,4.8,15.1,1,23,16,토,17070,1,0,0,0,0
2017-04-02,9,3.1,15.8,0,46,33,일,32457,1,0,0,0,1
2017-04-03,11.4,4.3,19.2,0,77,53,월,3032,1,0,0,0,1
2017-04-04,14.1,6.7,21.8,0,73,46,화,3576,1,0,0,0,1
2017-04-05,12,10.8,14.2,37.5,48,30,수,1067,1,0,0,0,1
2017-04-06,10.4,9.4,12.4,3,26,18,목,1603,1,0,0,0,1
2017-04-07,14.5,9,23.5,0,42,28,금,6248,1,0,0,0,1
2017-04-08,13,8.6,19.9,0.5,62,41,토,40887,1,0,0,0,1
2017-04-09,14.8,10.6,20.5,0.5,40,26,일,39359,1,0,0,0,1
2017-04-10,16.5,10.1,23.3,0,27,16,월,7589,1,0,0,0,0
2017-04-11,15.3,11.5,20.2,0,56,23,화,7035,1,0,0,0,0
2017-04-12,11.5,8.8,16.4,0,64,12,수,7538,1,0,0,0,0
2017-04-13,12.7,6.3,19.6,0,69,26,목,7727,1,0,0,0,1
2017-04-14,13,10.1,17.7,6,56,22,금,3058,1,0,0,0,1
2017-04-15,16.8,10.9,24.3,0,66,31,토,31747,1,0,0,0,1
2017-04-16,18.7,12.9,24.4,0,60,31,일,37119,1,0,0,0,1
2017-04-17,14.7,11.2,18,5.5,47,25,월,2046,1,0,0,0,0
2017-04-18,11.7,9.4,17.4,7.5,41,21,화,2864,1,0,0,0,1
2017-04-19,12.6,7,18.4,0,84,17,수,17909,1,0,0,0,0
2017-04-20,12.9,9.9,18.2,0.1,83,22,목,3430,1,0,0,0,0
2017-04-21,13.1,7.6,19.3,0,68,24,금,7265,1,0,0,0,1
2017-04-22,14.8,8.5,22.5,0,62,25,토,30798,1,0,0,0,1
2017-04-23,14.9,8.9,21.7,0,49,23,일,40116,1,0,0,0,1
2017-04-24,15.1,8.3,21.3,0,42,19,월,6026,1,0,0,0,0
2017-04-25,16,12.9,20.4,0,59,30,화,5660,1,0,0,0,1
2017-04-26,15.1,10.5,20.2,0,44,16,수,7375,1,0,0,0,1
2017-04-27,13.6,7.9,19.8,0,45,14,목,7641,1,0,0,0,0
2017-04-28,14.4,8.9,21.5,0,64,24,금,9533,1,0,0,0,1
2017-04-29,17.1,9.6,23.7,0,63,27,토,21481,1,0,0,0,1
2017-04-30,19.3,13.7,27.8,0,91,49,일,26596,1,0,0,0,1
2017-05-01,20.1,12.8,28.3,0,92,48,월,23136,1,0,0,0,1
2017-05-02,20.7,15.2,28,0,99,48,화,13938,1,0,0,0,1
2017-05-03,21.5,14.5,30.2,0,70,32,1,30998,1,0,0,0,1
2017-05-04,21,14.8,27.5,0,64,31,목,25285,1,0,0,0,0
2017-05-05,20.9,15.5,27,0,56,24,1,46264,1,0,0,0,1
2017-05-06,14.9,10,19.3,0,194,20,토,9915,1,0,0,0,0
2017-05-07,16.6,10.9,22.8,0,92,16,일,7630,1,0,0,0,0
2017-05-08,17.9,11.1,23.5,0,173,36,월,3876,1,0,0,0,0
2017-05-09,17.1,15.3,22.6,2.5,125,31,1,3997,1,0,0,0,1
2017-05-10,16.4,14.2,20.8,2.5,43,20,수,4585,1,0,0,0,1
2017-05-11,19.3,13.1,24.8,0,71,33,목,5814,1,0,0,0,1
2017-05-12,19.1,16.8,21.1,0,74,42,금,18841,1,0,0,0,1
2017-05-13,16.4,12.4,22.6,6,50,26,토,7908,1,0,0,0,1
2017-05-14,15.7,11,20.7,0,59,14,일,31381,1,0,0,0,1
2017-05-15,16,12.3,20.1,0,44,11,월,6424,1,0,0,0,0
2017-05-16,17.1,13.3,22.3,0,35,15,화,6234,1,0,0,0,1
2017-05-17,18.6,12.3,25.9,0,39,18,수,6530,1,0,0,0,1
2017-05-18,20.4,13.9,26.9,0,48,26,목,8462,1,0,0,0,0
2017-05-19,21.1,15.1,27.9,0,47,25,금,12305,1,0,0,0,1
2017-05-20,20.9,15.4,27.3,0,38,21,토,22972,1,0,0,0,1
2017-05-21,21.5,16,27.6,0,32,19,일,24708,1,0,0,0,0
2017-05-22,21.8,15.9,28,0,43,26,월,4876,1,0,0,0,1
2017-05-23,20,17.2,24.4,5,35,22,화,5384,1,0,0,0,1
2017-05-24,21.8,16.9,27.8,0.1,26,15,수,6338,1,0,0,0,1
2017-05-25,19.2,14.4,24.4,0,38,14,목,7842,1,0,0,0,1
2017-05-26,17.7,12.4,23.2,0,24,8,금,12687,1,0,0,0,0
2017-05-27,19.5,13.7,26.4,0,33,14,토,33795,1,0,0,0,0
2017-05-28,21.2,14.4,27.9,0,45,22,일,39195,0,1,0,0,1
2017-05-29,22.9,18.1,29.3,0,69,36,월,7267,0,1,0,0,1
2017-05-30,23.6,18.6,30.3,0,49,23,화,8825,0,1,0,0,1
2017-05-31,23.3,17.7,29.6,0,38,20,수,6836,0,1,0,0,0
2017-06-01,23.3,20,27,0,38,18,목,9190,0,1,0,0,1
2017-06-02,20.5,15.5,25.6,0,29,10,금,10915,0,1,0,0,0
2017-06-03,20.5,16.1,26.5,0,31,11,토,33239,0,1,0,0,0
2017-06-04,21.7,15.1,28.1,0,29,11,일,36290,0,1,0,0,0
2017-06-05,24.2,16.4,30.3,0,26,13,월,18592,0,1,0,0,0
2017-06-06,19.4,14.5,23.9,15.5,21,10,1,22602,0,1,0,0,1
2017-06-07,17.6,15.1,19.2,12.5,16,10,수,1871,0,1,0,0,1
2017-06-08,20.1,15.1,25.9,0,44,28,목,23381,0,1,0,0,1
2017-06-09,21.2,17.9,25.7,0.1,60,38,금,15512,0,1,0,0,1
2017-06-10,21.5,16.7,27.5,4.5,49,23,토,21501,0,1,0,0,1
2017-06-11,22.8,14.8,29.6,0,29,9,일,23498,0,1,0,0,0
2017-06-12,22.1,17,28,0,31,12,월,3589,0,1,0,0,0
2017-06-13,21.5,18.3,25.9,0,36,17,화,3915,0,1,0,0,1
2017-06-14,21.8,17.8,26.8,0,44,21,수,4146,0,1,0,0,1
2017-06-15,23.1,18,29.6,0,52,26,목,6991,0,1,0,0,1
2017-06-16,25.5,20,32.7,0,68,38,금,3307,0,1,0,0,1
2017-06-17,24.2,20.6,29.9,0,52,30,토,10224,0,1,0,0,1
2017-06-18,24.3,18.6,31.8,0,45,26,일,8647,0,1,0,0,1
2017-06-19,24.8,19.5,30.2,0,53,32,월,2163,0,1,0,0,1
2017-06-20,26,20,32.7,0,53,30,화,2530,0,1,0,0,1
2017-06-21,25.4,21.7,31.6,0,58,34,수,2201,0,1,0,0,1
2017-06-22,25.3,21.2,30.4,0,38,23,목,12935,0,1,0,0,1
2017-06-23,26.7,21.3,34.1,0,44,23,금,2122,0,1,0,0,1
2017-06-24,24.5,21.5,27.8,3.5,42,23,토,6202,0,1,0,0,1
2017-06-25,23.8,21,28.4,1.5,36,22,일,6163,0,1,0,0,1
2017-06-26,23.1,20.1,29.9,29,27,17,월,1272,0,1,0,0,1
2017-06-27,25.2,20.8,30.5,0,30,19,화,2243,0,1,0,0,1
2017-06-28,26,22.5,30.5,0,48,32,수,2113,0,1,0,0,1
2017-06-29,26.2,21.9,31.5,0,51,35,목,2120,0,1,0,0,1
2017-06-30,25.9,22.2,30.9,0,54,37,금,2103,0,1,0,0,1
2017-07-01,25.3,22.4,30.7,0.5,43,30,토,7808,0,1,0,0,1
2017-07-02,24.3,21.9,26.8,92,26,17,일,1443,0,1,0,0,1
2017-07-03,24.7,21.9,27.4,67.5,23,15,월,807,0,1,0,0,1
2017-07-04,26.7,23.8,31.6,0.5,34,24,화,1715,0,1,0,0,1
2017-07-05,27.4,23.3,32.6,0,40,28,수,1349,0,1,0,0,1
2017-07-06,27.6,23.9,34.6,34,48,34,목,1251,0,1,0,0,1
2017-07-07,26.4,24.4,28.4,16.5,22,13,금,870,0,1,0,0,1
2017-07-08,26,24.6,27.6,4.5,26,17,토,1700,0,1,0,0,1
2017-07-09,26.3,23.8,30.3,32.5,26,18,일,3440,0,1,0,0,1
2017-07-10,24,22.6,25.4,144.5,14,9,월,338,0,1,0,0,1
2017-07-11,26,22.2,30.9,1,39,26,화,1480,0,1,0,0,1
2017-07-12,27.1,24.9,31.1,0,47,32,수,1597,0,1,0,0,1
2017-07-13,27.6,23.1,32.1,0,50,35,목,1176,0,1,0,0,1
2017-07-14,28.7,26.1,33,0,48,34,금,1349,0,1,0,0,1
2017-07-15,25,23.4,27.3,42.5,20,14,토,1935,0,1,0,0,1
2017-07-16,26.2,23.4,28.8,22.5,17,12,일,4589,0,1,0,0,1
2017-07-17,26.8,24,29,7.5,23,14,월,1188,0,1,0,0,1
2017-07-18,26.5,23.9,30.7,2.5,26,17,화,1458,0,1,0,0,1
2017-07-19,28.3,24.5,34.1,0,38,26,수,1180,0,1,0,0,1
2017-07-20,29.9,26,34.9,0,52,38,목,931,0,1,0,0,1
2017-07-21,29.8,27.3,32.4,0,59,45,금,1076,0,1,0,0,1
2017-07-22,29.3,27.5,32.5,0.5,57,42,토,2501,0,1,0,0,1
2017-07-23,27,26.1,28.1,133.5,49,35,일,696,0,1,0,0,1
2017-07-24,26.2,25.6,27.3,3,34,22,월,696,0,1,0,0,1
2017-07-25,29.4,24.6,35.4,0,27,15,화,1318,0,1,0,0,1
2017-07-26,28.7,24.2,32.8,0,18,10,수,1267,0,1,0,0,0
2017-07-27,27.1,24.9,29.7,3.5,28,17,목,10889,0,1,0,0,1
2017-07-28,25.5,24.8,26.9,8.5,30,19,금,772,0,1,0,0,1
2017-07-29,27.2,25,30.1,0,16,8,토,5834,0,1,0,0,0
2017-07-30,27.9,24.7,32.6,0,22,15,일,5761,0,1,0,0,1
2017-07-31,25.7,24.8,27.1,3.5,22,13,월,1771,0,1,0,0,1
2017-08-01,28.6,24.1,33,2,22,12,화,3932,0,1,0,0,1
2017-08-02,30,26.6,33,0,36,23,수,1976,0,1,0,0,1
2017-08-03,30.2,27.2,33.9,0,24,14,목,1923,0,1,0,0,0
2017-08-04,30.3,25.9,35.3,0,27,18,금,2164,0,1,0,0,0
2017-08-05,31.4,27.6,34.8,0,31,21,토,2745,0,1,0,0,0
2017-08-06,29.8,28.2,34,5,25,18,일,2350,0,1,0,0,1
2017-08-07,29.2,26.4,34.4,0,33,22,월,1236,0,1,0,0,1
2017-08-08,28.2,25.5,31,0,42,28,화,1504,0,1,0,0,1
2017-08-09,27.6,24.6,32,2.5,33,23,수,1601,0,1,0,0,1
2017-08-10,24.8,23.9,26.3,5.5,8,5,목,943,0,1,0,0,1
2017-08-11,27,23.9,32.4,0.5,11,6,금,1903,0,1,0,0,0
2017-08-12,27.8,23.2,32.6,0,11,6,토,6396,0,1,0,0,0
2017-08-13,26.3,24.2,28.4,0,10,6,일,10371,0,1,0,0,0
2017-08-14,24.6,23.1,27.1,1.5,9,4,월,1847,0,1,0,0,0
2017-08-15,21.9,20.8,24,93.5,7,4,1,831,0,1,0,0,1
2017-08-16,23.3,20.5,26.8,2,7,4,수,2011,0,1,0,0,0
2017-08-17,24.8,21.2,27.7,0.5,12,6,목,1883,0,1,0,0,1
2017-08-18,26.3,23.9,30.6,0,26,17,금,2773,0,1,0,0,1
2017-08-19,26.1,23.1,28.7,0,25,15,토,10675,0,1,0,0,1
2017-08-20,23.2,22,25.8,124.5,11,7,일,1453,0,1,0,0,1
2017-08-21,25.8,23.7,29.2,5,14,8,월,4392,0,1,0,0,0
2017-08-22,27.3,23.4,31.5,0,17,10,화,2413,0,1,0,0,1
2017-08-23,27.2,24.6,30.2,31.5,20,10,수,724,0,1,0,0,1
2017-08-24,26.5,23.9,28.1,14,21,9,목,572,0,1,0,0,1
2017-08-25,25.3,22.2,30.6,0,26,13,금,2284,0,1,0,0,1
2017-08-26,24.2,19,29.2,0,25,11,토,14474,0,1,0,0,0
2017-08-27,22.7,19,26.7,0,23,13,일,16798,0,1,0,0,0
2017-08-28,21.5,18.3,26.5,9,29,17,월,1469,0,1,0,0,1
2017-08-29,19.5,17,24,0,18,8,화,3436,0,1,0,0,1
2017-08-30,19.8,16.1,23.9,0,25,10,수,2860,0,1,0,0,0
2017-08-31,22.2,16.6,27.6,0,35,20,목,3217,0,1,0,0,1
2017-09-01,23.3,17.1,29.7,0,23,12,금,3429,0,1,0,0,0
2017-09-02,23.8,18.6,29.6,0,26,15,토,23313,0,1,0,0,0
2017-09-03,23.7,19,29.2,0,31,20,일,23991,0,1,0,0,1
2017-09-04,24.6,19.7,30.1,0,27,18,월,2911,0,1,0,0,1
2017-09-05,21.9,20.4,23.7,0,24,13,화,2184,0,1,0,0,0
2017-09-06,20.6,18.5,24,2,27,17,수,1803,0,1,0,0,1
2017-09-07,22.4,17.8,27.5,0,35,25,목,4453,0,1,0,0,1
2017-09-08,24.3,20.4,29.9,0,49,33,금,4176,0,1,0,0,1
2017-09-09,23.8,19.2,28.2,0,58,40,토,17303,0,1,0,0,1
2017-09-10,23,19.9,26.1,0.5,50,36,일,16529,0,1,0,0,1
2017-09-11,21.2,18.6,24.6,24,22,16,월,10956,0,1,0,0,1
2017-09-12,22.1,17.7,27.9,0,25,13,화,3800,0,1,0,0,1
2017-09-13,21.4,15.9,27.5,0,23,10,수,3875,0,1,0,0,0
2017-09-14,22.4,14.8,29.5,0,27,12,목,3009,0,1,0,0,0
2017-09-15,22.6,17.8,27.9,0,15,8,금,5715,0,1,0,0,0
2017-09-16,22,16.7,27.6,0,10,5,토,20881,0,1,0,0,0
2017-09-17,23.1,19,29.2,0,9,5,일,21699,0,1,0,0,0
2017-09-18,21.9,16.4,27.6,0,19,10,월,4196,0,1,0,0,0
2017-09-19,22.6,20.1,25.8,8,62,40,화,2313,0,1,0,0,1
2017-09-20,19.5,14.1,24.9,0,24,10,수,6149,0,1,0,0,1
2017-09-21,20.3,14.2,27,0,28,15,목,4800,0,1,0,0,0
2017-09-22,20.6,15.4,26.8,0,31,19,금,7283,0,1,0,0,1
2017-09-23,21.8,17.6,27.3,0,52,25,토,17515,0,1,0,0,1
2017-09-24,22.4,18.8,27.9,0,62,37,일,14520,0,1,0,0,1
2017-09-25,23.4,17.4,30.1,0,44,26,월,2522,0,1,0,0,1
2017-09-26,25.1,19.4,31.4,0,45,26,화,3580,0,1,0,0,1
2017-09-27,22.7,19.9,27.3,0.5,40,23,수,2494,0,1,0,0,1
2017-09-28,19.2,14.2,25.3,0,23,8,목,4031,0,1,0,0,0
2017-09-29,17.4,11.2,23.5,0,21,9,금,6538,0,0,1,0,0
2017-09-30,20,14.7,25.9,0,34,18,토,12712,0,0,1,0,1
2017-10-01,18.2,15.5,21.2,4,32,20,일,6413,0,0,1,0,1
2017-10-02,22,15.6,29.4,1.5,19,10,1,21387,0,0,1,0,1
2017-10-03,17.6,13.4,23.6,0,35,11,1,16489,0,0,1,0,0
2017-10-04,16.7,10.7,24.3,0,21,9,1,19220,0,0,1,0,0
2017-10-05,18.7,13.9,23.4,0,14,7,1,32576,0,0,1,0,0
2017-10-06,18.9,16.2,23.3,0.5,11,7,1,20948,0,0,1,0,1
2017-10-07,21.9,16.9,28.8,0,9,6,토,32091,0,0,1,0,0
2017-10-08,23,19.3,28.7,0,18,13,일,29251,0,0,1,0,0
2017-10-09,22.5,19.8,27.6,0,25,17,1,21174,0,0,1,0,1
2017-10-10,21.4,18.6,24.8,0.4,28,18,화,2304,0,0,1,0,1
2017-10-11,15.5,12.2,21.7,20,11,7,수,2107,0,0,1,0,1
2017-10-12,11.4,8.8,,0,21,11,목,3902,0,0,1,0,0
2017-10-13,12.8,6.1,18.9,0,27,15,금,6403,0,0,1,0,0
2017-10-14,14.4,9,20.5,0,22,12,토,16985,0,0,1,0,0
2017-10-15,15.8,9,23,0,21,11,일,19657,0,0,1,0,0
2017-10-16,16.6,13.6,22,0,30,16,월,6706,0,0,1,0,0
2017-10-17,16.2,9.2,23.9,0,38,20,화,14032,0,0,1,0,0
2017-10-18,16.5,14.2,19.1,0.1,24,13,수,5007,0,0,1,0,0
2017-10-19,17,11.9,23.2,0,18,10,목,5915,0,0,1,0,0
2017-10-20,17,11.1,24.2,0,31,16,금,10375,0,0,1,0,0
2017-10-21,17.6,11,25.2,0,38,21,토,22658,0,0,1,0,1
2017-10-22,16.3,11,23.5,0,25,13,일,25073,0,0,1,0,0
2017-10-23,13.7,8.6,20.6,0,24,10,월,4545,0,0,1,0,0
2017-10-24,14.4,9.9,20.9,0,31,15,화,19454,0,0,1,0,0
2017-10-25,14.4,9.5,20.6,0,41,22,수,4625,0,0,1,0,1
2017-10-26,14.5,10.7,18.1,0,51,28,목,5123,0,0,1,0,1
2017-10-27,16.9,11.9,24.2,0,58,34,금,8431,0,0,1,0,1
2017-10-28,17.2,10.6,24.8,0,45,27,토,26879,0,0,1,0,0
2017-10-29,11.5,6.3,17.2,0,65,22,일,19514,0,0,1,0,1
2017-10-30,7.7,2.5,13.2,0,35,13,월,3338,0,0,1,0,0
2017-10-31,10.4,3.6,16,0,33,14,화,5768,0,0,1,0,0
2017-11-01,14.4,11.5,18.1,0,38,20,수,3363,0,0,1,0,1
2017-11-02,15.5,14,18,1,46,26,목,2669,0,0,1,0,1
2017-11-03,12.3,6.1,16.6,1.5,38,26,금,3156,0,0,1,0,1
2017-11-04,7.8,4.5,13.7,0,53,40,토,12087,0,0,1,0,1
2017-11-05,8.4,2.6,15.4,0,39,27,일,12762,0,0,1,0,1
2017-11-06,11.4,8,16.5,0,33,20,월,3340,0,0,1,0,1
2017-11-07,14.4,9.2,18.4,0,42,25,화,3494,0,0,1,0,1
2017-11-08,13.1,6.9,17.2,0,65,29,수,2653,0,0,1,0,1
2017-11-09,9.4,3.7,16.8,0,50,24,목,3089,0,0,1,0,0
2017-11-10,9.8,5.3,15.9,7.5,44,21,금,2353,0,0,1,0,1
2017-11-11,5.9,2.7,10.7,0,70,13,토,8008,0,0,1,0,0
2017-11-12,5.3,0.3,11.4,0,31,18,일,9312,0,0,1,0,0
2017-11-13,8.4,3.1,11.8,4.5,41,24,월,1611,0,0,1,0,1
2017-11-14,7.5,2.9,11.4,0,45,17,화,2003,0,0,1,0,1
2017-11-15,3.2,-1.1,6.5,0,25,11,수,1404,0,0,1,0,0
2017-11-16,1,-3.4,6.4,0,25,14,목,1245,0,0,1,0,0
2017-11-17,3,-1.6,5.8,0,42,24,금,1388,0,0,1,0,1
2017-11-18,-2.1,-4.8,2.6,0,39,22,토,2759,0,0,1,0,1
2017-11-19,-1.6,-6.6,3.5,0,24,12,일,1918,0,0,1,0,0
2017-11-20,-0.4,-3.9,4.2,0,38,22,월,857,0,0,1,0,1
2017-11-21,1.3,-4.2,8.1,0,50,31,화,1581,0,0,1,0,1
2017-11-22,4.3,0.6,10.8,0.5,62,30,수,1041,0,0,1,0,1
2017-11-23,0.9,-2.5,4.7,1.2,23,11,목,1927,0,0,1,0,0
2017-11-24,-0.4,-2.5,2.9,0,20,12,금,747,0,0,1,0,1
2017-11-25,3,-3.3,7.3,24,25,16,토,1384,0,0,1,0,1
2017-11-26,3.3,-0.3,7.6,0,37,23,일,2487,0,0,1,0,1
2017-11-27,2.5,-2.9,9.5,0,48,29,월,1072,0,0,1,0,1
2017-11-28,6.4,1.3,11.2,0.5,71,46,화,1139,0,0,1,0,1
2017-11-29,3.2,-1.8,8.1,0,61,25,수,795,0,0,1,0,1
2017-11-30,-2.4,-5.2,2.7,0,24,9,목,11318,0,0,1,0,0
2017-12-01,-2.2,-7.6,3.1,0,24,13,금,718,0,0,1,0,1
2017-12-02,1.9,-4.6,8.1,0,39,24,토,2168,0,0,1,0,1
2017-12-03,4.9,3.1,8.1,4,51,35,일,1991,0,0,0,0,1
2017-12-04,-1.2,-6.1,4.5,0.1,43,26,월,719,0,0,0,0,1
2017-12-05,-4.2,-8.2,-0.4,0.1,22,11,화,630,0,0,0,0,0
2017-12-06,0.2,-4.5,6,1.2,32,22,수,721,0,0,0,0,1
2017-12-07,0.7,-3.5,4.6,0,45,32,목,911,0,0,0,0,1
2017-12-08,-3.8,-7.1,-0.5,0,31,21,금,643,0,0,0,0,0
2017-12-09,-0.5,-5.6,5.4,0,39,24,토,1792,0,0,0,0,0
2017-12-10,1.1,-2.5,6.7,4.1,38,25,일,1024,0,0,0,0,1
2017-12-11,-7,-11,-2.5,0,47,10,월,479,0,0,0,0,0
2017-12-12,-9.4,-12.3,-5.2,0,33,17,화,324,0,0,0,0,0
2017-12-13,-8.7,-12,-4.4,0,36,20,수,462,0,0,0,0,0
2017-12-14,-6.6,-11.2,-1.9,0,55,36,목,761,0,0,0,0,0
2017-12-15,-3,-7.5,0.9,0,83,58,금,627,0,0,0,0,1
2017-12-16,-5.7,-8.1,-2.6,0,41,27,토,1206,0,0,0,0,1
2017-12-17,-6.7,-10.8,-2.3,0,39,14,일,996,0,0,0,0,0
2017-12-18,-1.6,-5.9,3.3,3.4,55,35,월,420,0,0,0,0,1
2017-12-19,-3.9,-6.5,-1,0,46,20,화,657,0,0,0,0,1
2017-12-20,-3.9,-8.5,-0.1,0.2,42,26,수,2985,0,0,0,0,1
2017-12-21,-0.9,-5.6,4.6,0,52,39,목,653,0,0,0,0,1
2017-12-22,3.4,-1.9,6.6,0,58,43,금,804,0,0,0,0,1
2017-12-23,6.1,5,8.7,0,111,80,토,1910,0,0,0,0,1
2017-12-24,2.9,-0.6,5.7,20,78,58,일,403,0,0,0,0,1
2017-12-25,-2.1,-4.9,0.6,0,30,16,1,2028,0,0,0,0,0
2017-12-26,-3.8,-7.9,-1.1,0,29,14,화,772,0,0,0,0,0
2017-12-27,-6.9,-10.3,-2.6,0,28,14,수,488,0,0,0,0,0
2017-12-28,-2.1,-6.8,0.8,0,46,28,목,778,0,0,0,0,1
2017-12-29,2.1,-0.4,6,0,97,67,금,853,0,0,0,0,1
2017-12-30,1.4,-1.2,4.5,0.7,128,95,토,1520,0,0,0,0,1
2017-12-31,-0.3,-3.2,3.3,1,63,36,일,1868,0,0,0,0,1
2018-01-01,-1.3,-5.1,3.8,0,42,21,1,2316,0,0,0,0,0
2018-01-02,-1.8,-4.3,1.8,0,40,23,화,988,0,0,0,0,0
2018-01-03,-4.7,-7.1,-0.4,0,35,19,수,694,0,0,0,0,0
2018-01-04,-4.7,-8.7,-0.7,0,46,25,목,671,0,0,0,0,0
2018-01-05,-3,-5.6,1.6,0,58,37,금,758,0,0,0,0,0
2018-01-06,-2.8,-6.8,2.9,0,48,32,토,1935,0,0,0,0,0
2018-01-07,-0.8,-5.7,2.8,0,55,40,일,1881,0,0,0,0,0
2018-01-08,1.3,-1.2,4,0.9,57,41,월,634,0,0,0,0,1
2018-01-09,-4.2,-6.1,-1.2,0.5,40,20,화,523,0,0,0,0,1
2018-01-10,-7.5,-10.3,-4.8,0.3,33,14,수,382,0,0,0,0,0
2018-01-11,-11.1,-13.6,-7.4,0,33,23,목,312,0,0,0,0,0
2018-01-12,-10.2,-15.3,-5.4,0,25,16,금,228,0,0,0,0,0
2018-01-13,-4.4,-6.6,-1.2,0.4,54,40,토,1015,0,0,0,0,1
2018-01-14,0.6,-4.4,5.4,0,69,52,일,1654,0,0,0,0,1
2018-01-15,4.7,1.8,7.7,0.2,70,50,월,645,0,0,0,0,1
2018-01-16,3.5,0.1,6.8,0,114,85,화,699,0,0,0,0,1
2018-01-17,4.5,2.4,8.7,0,112,88,수,631,0,0,0,0,1
2018-01-18,2.1,0.3,4.5,0,87,59,목,1503,0,0,0,0,1
2018-01-19,1,-2.5,5.5,0,59,29,금,918,0,0,0,0,0
2018-01-20,2.2,-1,6.9,0,102,63,토,2083,0,0,0,0,1
2018-01-21,0.4,-3.7,5.5,0,61,35,일,2123,0,0,0,0,1
2018-01-22,0.2,-5.3,4,3.3,48,28,월,852,0,0,0,0,1
2018-01-23,-11.7,-14.6,-5.3,0,24,12,화,363,0,0,0,0,1
2018-01-24,-14.2,-16.3,-10.7,0,30,10,수,128,0,0,0,0,0
2018-01-25,-14,-16.4,-9.5,0,24,12,목,162,0,0,0,0,0
2018-01-26,-14.8,-17.8,-10.7,0,33,20,금,222,0,0,0,0,0
2018-01-27,-9.9,-15.9,-3.5,0,44,27,토,655,0,0,0,0,0
2018-01-28,-6.3,-9.3,-1.2,0,32,20,일,962,0,0,0,0,0
2018-01-29,-8.5,-11.6,-4.7,0,45,17,월,409,0,0,0,0,0
2018-01-30,-5.3,-11.4,-0.8,2.9,42,21,화,9660,0,0,0,0,0
2018-01-31,-2.6,-5.2,0,0,40,20,수,585,0,0,0,0,1
2018-02-01,-4,-8.8,1.2,0,39,23,목,679,0,0,0,0,0
2018-02-02,-2.4,-7.6,3.8,0,55,33,금,704,0,0,0,0,0
2018-02-03,-7.3,-10.4,-2.1,0.5,37,20,토,1049,0,0,0,0,0
2018-02-04,-9.5,-12.8,-5.2,0,32,22,일,790,0,0,0,0,0
2018-02-05,-9.4,-11.8,-5.1,0,27,15,월,348,0,0,0,0,0
2018-02-06,-10.1,-12.8,-5.8,0,32,19,화,369,0,0,0,0,0
2018-02-07,-8,-13.4,-1.6,0,40,25,수,418,0,0,0,0,0
2018-02-08,-4.4,-9.7,2,0,52,35,목,724,0,0,0,0,0
2018-02-09,0.4,-5.3,6.1,0,69,49,금,657,0,0,0,0,1
2018-02-10,-0.5,-6.9,3.2,0,75,42,토,1861,0,0,0,0,1
2018-02-11,-6.1,-9.5,-2.2,0,53,15,일,1159,0,0,0,0,0
2018-02-12,-5.8,-9.6,-1.8,0,49,15,월,499,0,0,0,0,0
2018-02-13,-0.8,-7.4,4.3,0,50,16,화,725,0,0,0,0,0
2018-02-14,3.5,-0.7,8.7,0,68,31,수,810,0,0,0,0,1
2018-02-15,-0.7,-3.7,4,0,38,15,1,1765,0,0,0,0,0
2018-02-16,-1.1,-5.5,4.9,0,45,22,1,3007,0,0,0,0,0
2018-02-17,-3,-7.1,1.4,0,50,12,토,3590,0,0,0,0,0
2018-02-18,-0.4,-4.9,5.2,0,37,17,일,3370,0,0,0,0,0
2018-02-19,1.8,-1.9,6.8,0,61,39,월,1558,0,0,0,0,1
2018-02-20,0.9,-2.4,5.5,0,63,40,화,1243,0,0,0,0,1
2018-02-21,-0.9,-4.5,4.4,0,37,19,수,1169,0,0,0,0,0
2018-02-22,1.3,-3.9,5.4,0.4,45,27,목,1348,0,0,0,0,1
2018-02-23,4.2,-0.3,8.6,3.7,89,64,금,1079,0,0,0,0,1
2018-02-24,2.4,-1.1,7.2,0,76,53,토,3362,0,0,0,0,1
2018-02-25,1.9,-1.6,7.9,0,44,30,일,6139,0,0,0,0,0
2018-02-26,3.1,-3.2,10.4,0,62,41,월,2252,0,0,0,0,1
2018-02-27,4.2,0.6,6.9,0,96,62,화,1517,0,0,0,0,1
2018-02-28,4.6,1.8,7.8,25,68,44,수,626,0,0,0,0,1
2018-03-01,-0.2,-4.3,3,0.5,42,31,1,3290,1,0,0,0,1
2018-03-02,-0.7,-6.7,5.4,0,68,27,금,1500,1,0,0,0,0
2018-03-03,7.9,-0.1,16.2,0,57,27,토,14540,1,0,0,0,1
2018-03-04,9.8,7.6,11.9,11.5,29,21,일,3619,1,0,0,0,1
2018-03-05,5.5,1.3,11.4,3.5,9,5,월,1049,1,0,0,0,1
2018-03-06,4.5,-1.1,10.9,0,31,18,화,1751,1,0,0,0,0
2018-03-07,6.4,2.2,10.7,0.5,28,16,수,1434,1,0,0,0,1
2018-03-08,4.6,2.7,9.7,4,32,26,목,604,1,0,0,0,1
2018-03-09,4.5,1.4,9.6,0,51,37,금,1366,1,0,0,0,1
2018-03-10,4.6,0.7,9.7,0,47,33,토,10723,1,0,0,0,1
2018-03-11,6.4,2.7,12.2,0,60,40,일,14512,1,0,0,0,1
2018-03-12,8,2.2,15.5,0,99,64,월,1555,1,0,0,0,1
2018-03-13,12.4,5.2,18.8,0,63,38,화,1819,1,0,0,0,1
2018-03-14,17,13.6,22.1,0,24,12,수,3032,1,0,0,0,1
2018-03-15,12.4,8.4,16.6,27,22,15,목,390,1,0,0,0,1
2018-03-16,7.1,3.6,12.2,0,14,6,금,2101,1,0,0,0,0
2018-03-17,6.6,0.5,14,0,32,20,토,21711,1,0,0,0,1
2018-03-18,8.2,5.4,12.5,0.5,62,46,일,11340,1,0,0,0,1
2018-03-19,8,6.2,10.4,1,30,22,월,785,1,0,0,0,1
2018-03-20,4.7,1.6,9.1,0,19,8,화,1228,1,0,0,0,0
2018-03-21,2.1,1.1,5.3,1,14,7,수,2184,1,0,0,0,0
2018-03-22,4.9,0.6,11.6,0,43,27,목,1559,1,0,0,0,1
2018-03-23,6.1,1.8,12.5,0,67,50,금,1922,1,0,0,0,1
2018-03-24,7.6,4,13.1,0,113,86,토,8418,1,0,0,0,1
2018-03-25,9.6,4.6,16.9,0,121,99,일,7334,1,0,0,0,1
2018-03-26,11,5.3,18.1,0,106,71,월,1227,1,0,0,0,1
2018-03-27,13.3,7.7,20,0,95,61,화,1297,1,0,0,0,1
2018-03-28,14,9.4,19,0,55,37,수,1830,1,0,0,0,1
2018-03-29,15.4,11.8,21.1,0,63,43,목,1588,1,0,0,0,1
2018-03-30,14.8,9.8,21.9,0,65,37,금,3670,1,0,0,0,1
2018-03-31,14,9.3,20.1,0,58,30,토,24609,1,0,0,0,1
2018-04-01,15.6,11.7,18.5,0,72,35,일,15121,1,0,0,0,1
2018-04-02,18.4,14.9,23.7,0,71,28,월,2785,1,0,0,0,1
2018-04-03,17.8,14.9,21.2,0.1,69,21,화,3689,1,0,0,0,1
2018-04-04,13.4,9.5,18.2,18.5,13,7,수,2575,1,0,0,0,1
2018-04-05,7.6,6.7,9.5,10.5,7,4,목,992,1,0,0,0,1
2018-04-06,5.8,3,8.6,6.5,121,27,금,3920,1,0,0,0,1
2018-04-07,4.2,1.4,8.6,0.2,50,22,토,12741,1,0,0,0,1
2018-04-08,3.9,0.6,7.9,3,27,15,일,12683,1,0,0,0,1
2018-04-09,7.9,0.1,15.4,0,40,26,월,5775,1,0,0,0,1
2018-04-10,15.1,6.9,21.9,5,45,20,화,7236,1,0,0,0,1
2018-04-11,12.6,8.7,17.3,0,63,24,수,4184,1,0,0,0,1
2018-04-12,13.3,6.8,19.6,0,46,15,목,7264,1,0,0,0,0
2018-04-13,14.6,8.3,19.3,0,35,14,금,8694,1,0,0,0,0
2018-04-14,9,7.5,14.8,9,21,12,토,2097,1,0,0,0,1
2018-04-15,9.5,5.6,14.2,0,74,21,일,21355,1,0,0,0,1
2018-04-16,11.6,4.9,18.8,0,38,23,월,5480,1,0,0,0,0
2018-04-17,12.9,6.8,20.1,0,60,30,화,5164,1,0,0,0,0
2018-04-18,12.4,6.2,19.3,0,71,34,수,5634,1,0,0,0,0
2018-04-19,14,7.4,20.5,0,81,40,목,5069,1,0,0,0,1
2018-04-20,18.4,11,26.3,0,104,55,금,5353,1,0,0,0,1
2018-04-21,18.7,12.3,25.6,0,72,40,토,32610,1,0,0,0,1
2018-04-22,15.5,10.7,21,15.5,38,21,일,7680,1,0,0,0,1
2018-04-23,9.3,8.4,10.7,59,9,6,월,288,1,0,0,0,1
2018-04-24,12.1,8.9,16.1,3,9,5,화,4340,1,0,0,0,1
2018-04-25,14.6,5.7,23.3,0,35,24,수,8633,1,0,0,0,0
2018-04-26,14.9,10,22.1,0,44,30,목,15833,1,0,0,0,1
2018-04-27,15.7,9.7,23.3,0,57,40,금,14350,1,0,0,0,1
2018-04-28,15.4,10.5,21.7,0,59,38,토,22964,1,0,0,0,1
2018-04-29,16.2,9.4,22.9,0,55,32,일,29774,1,0,0,0,1
2018-04-30,19.2,14.1,25,0,79,56,월,15101,1,0,0,0,1
2018-05-01,20.4,17.8,23.3,0,60,46,화,22284,1,0,0,0,1
2018-05-02,15.1,8.7,19.7,12,44,35,수,1349,1,0,0,0,1
2018-05-03,11.2,6.9,14.7,1,30,14,목,9103,1,0,0,0,0
2018-05-04,14.1,8.8,20,0,44,17,금,11398,1,0,0,0,0
2018-05-05,18.3,11.6,24.6,0,40,19,토,52310,1,0,0,0,0
2018-05-06,16.6,15,20.7,22,14,9,일,3344,1,0,0,0,1
2018-05-07,19.2,14,25.5,0,37,19,1,32821,1,0,0,0,1
2018-05-08,17.5,11.6,22.9,0,18,7,화,5728,1,0,0,0,0
2018-05-09,15.7,9.2,21.8,0,22,8,수,5892,1,0,0,0,0
2018-05-10,15.4,11.3,21.4,0,42,24,목,6762,1,0,0,0,1
2018-05-11,16.1,11.9,21.3,0,59,39,금,9835,1,0,0,0,1
2018-05-12,14.2,11.8,16.1,32,30,20,토,1345,1,0,0,0,1
2018-05-13,15.8,12.7,20,0.5,23,17,일,23131,1,0,0,0,1
2018-05-14,18.2,11.9,24.5,0,73,55,월,4102,1,0,0,0,1
2018-05-15,23.2,15.4,29.3,0,73,52,화,4825,1,0,0,0,1
2018-05-16,22.3,21.8,24.4,45,33,23,수,896,1,0,0,0,1
2018-05-17,20.9,18.8,23.5,83,14,9,목,1309,1,0,0,0,1
2018-05-18,16.3,12.2,19.3,6.5,12,5,금,5492,1,0,0,0,1
2018-05-19,17.6,10.3,24.7,0,11,4,토,33655,1,0,0,0,0
2018-05-20,17,11.5,22.6,0,11,5,일,30449,1,0,0,0,0
2018-05-21,17.8,11.3,23.7,0,19,10,월,19298,1,0,0,0,0
2018-05-22,18.1,15.4,23.2,12.5,36,23,1,28495,1,0,0,0,1
2018-05-23,17.3,13.6,23.3,6.5,48,11,수,6302,1,0,0,0,1
2018-05-24,18.3,11.2,23.7,0,97,25,목,6387,1,0,0,0,1
2018-05-25,19.7,13.8,26.2,0,93,34,금,8457,1,0,0,0,1
2018-05-26,21.8,14,29.6,0,81,38,토,27705,1,0,0,0,1
2018-05-27,20.3,17.3,24.7,0,65,28,일,32244,1,0,0,0,1
2018-05-28,22.3,16.2,29.1,0,50,26,월,27205,0,1,0,0,1
2018-05-29,21.4,19.1,25.9,1,41,26,화,8741,0,1,0,0,1
2018-05-30,20.2,15.8,24.7,0,43,26,수,7303,0,1,0,0,1
2018-05-31,20.9,14.2,27.6,0,42,24,목,26276,0,1,0,0,1
2018-06-01,23.8,17.5,30.2,0,42,23,금,9969,0,1,0,0,1
2018-06-02,23.4,17.6,30.1,0,40,23,토,26341,0,1,0,0,1
2018-06-03,24,16.9,30.8,0,32,21,일,25808,0,1,0,0,0
2018-06-04,22.6,18.9,27.5,0,41,26,월,5922,0,1,0,0,1
2018-06-05,23.7,17.7,29.2,0,44,31,화,9027,0,1,0,0,1
2018-06-06,23,18.4,27.9,0,48,35,1,29944,0,1,0,0,1
2018-06-07,22.2,17.8,29.4,0,47,33,목,6171,0,1,0,0,1
2018-06-08,21.9,18.5,27,0,35,23,금,7157,0,1,0,0,1
2018-06-09,23.7,18.9,30.1,0.5,39,25,토,18036,0,1,0,0,1
2018-06-10,21.3,18.3,24.9,0.5,9,5,일,19328,0,1,0,0,0
2018-06-11,20.2,18,23.9,5,10,5,월,3626,0,1,0,0,0
2018-06-12,21.3,16.6,27.1,0,15,8,화,5547,0,1,0,0,0
2018-06-13,22,18.3,27,0,29,19,1,17997,0,1,0,0,1
2018-06-14,21.6,18.8,25.1,29,30,21,목,1766,0,1,0,0,1
2018-06-15,21.7,17.2,27,16.5,15,7,금,4362,0,1,0,0,1
2018-06-16,22.5,16.3,28.7,0,22,12,토,15207,0,1,0,0,0
2018-06-17,22.8,18.9,27.5,0,52,35,일,12254,0,1,0,0,1
2018-06-18,24.8,19.9,30.8,0,45,30,월,2432,0,1,0,0,1
2018-06-19,22.4,19.1,27.2,0,40,28,화,3781,0,1,0,0,1
2018-06-20,22.7,19.1,28.4,0,43,30,수,3212,0,1,0,0,1
2018-06-21,23.7,19.4,28.7,0,39,25,목,2893,0,1,0,0,1
2018-06-22,25,18.2,32,0,42,27,금,16022,0,1,0,0,1
2018-06-23,24.5,20.9,28.9,0,39,24,토,8845,0,1,0,0,1
2018-06-24,25.2,20.1,32.1,0,58,38,일,6553,0,1,0,0,1
2018-06-25,27.1,21.3,32.9,0,59,37,월,2284,0,1,0,0,1
2018-06-26,22.3,20.2,26.9,71.5,49,35,화,13766,0,1,0,0,1
2018-06-27,22.3,19.1,25.5,1,27,20,수,1986,0,1,0,0,1
2018-06-28,23.3,20.6,27.3,26.5,22,15,목,1969,0,1,0,0,1
2018-06-29,24.7,21.9,29.1,6.5,38,27,금,8100,0,1,0,0,1
2018-06-30,24.4,21.6,27.9,14.5,50,35,토,3604,0,1,0,0,1
2018-07-01,21.9,21,22.8,83.5,11,6,일,411,0,1,0,0,1
2018-07-02,22.6,20.6,25.3,59.5,10,6,월,334,0,1,0,0,1
2018-07-03,27.4,22.5,32.6,0.1,13,8,화,1777,0,1,0,0,1
2018-07-04,27.3,24,31.8,0,22,13,수,1568,0,1,0,0,0
2018-07-05,25.3,23.4,29,0.5,20,14,목,1283,0,1,0,0,1
2018-07-06,23.9,21.5,27.1,0,7,3,금,2418,0,1,0,0,0
2018-07-07,23.7,19.5,29.2,0,9,4,토,11179,0,1,0,0,0
2018-07-08,23.3,17.7,28.1,0,12,6,일,12207,0,1,0,0,0
2018-07-09,20.8,20.1,24.2,14,10,5,월,574,0,1,0,0,1
2018-07-10,23.7,20.4,26.5,16.5,23,12,화,1614,0,1,0,0,1
2018-07-11,26.8,24.4,29.5,3,31,18,수,1407,0,1,0,0,1
2018-07-12,26.6,25.1,28.2,1,27,15,목,2517,0,1,0,0,1
2018-07-13,27.3,24.7,30.9,0,21,13,금,1356,0,1,0,0,0
2018-07-14,27.9,24.6,31.9,0,20,13,토,3918,0,1,0,0,0
2018-07-15,28.3,24.5,33.2,0,22,16,일,3031,0,1,0,0,0
2018-07-16,28.7,24,34,0,26,17,월,852,0,1,0,0,0
2018-07-17,28.1,23.9,32.1,0,30,22,화,1139,0,1,0,0,1
2018-07-18,28.2,23.7,33.2,0,35,26,수,14697,0,1,0,0,1
2018-07-19,28.7,23.2,34.1,0,30,21,목,899,0,1,0,0,1
2018-07-20,29.5,24.6,34.7,0,36,24,금,756,0,1,0,0,1
2018-07-21,30.6,24.9,36.9,0,37,26,토,1537,0,1,0,0,1
2018-07-22,31.8,25.3,38,0,29,20,일,1228,0,1,0,0,0
2018-07-23,31.7,29.2,35.7,0,31,20,월,605,0,1,0,0,0
2018-07-24,31.4,27.2,36.8,0,42,28,화,516,0,1,0,0,0
2018-07-25,30.1,27.7,34.1,0,32,21,수,651,0,1,0,0,0
2018-07-26,30.1,27.3,33.7,0,41,27,목,712,0,1,0,0,1
2018-07-27,30.9,27.2,35.4,0,48,33,금,1830,0,1,0,0,1
2018-07-28,29.5,28,35.2,7.5,39,27,토,1410,0,1,0,0,1
2018-07-29,31.3,26.4,36.7,0,18,12,일,1620,0,1,0,0,0
2018-07-30,31.7,26.2,36.9,0,10,6,월,937,0,1,0,0,0
2018-07-31,32.6,27.8,38.3,0,18,10,화,1320,0,1,0,0,0
2018-08-01,33.6,27.8,39.6,0,34,20,수,607,0,1,0,0,0
2018-08-02,33.7,30.3,37.9,0,40,27,목,792,0,1,0,0,0
2018-08-03,33.1,30,37.9,0,44,32,금,701,0,1,0,0,1
2018-08-04,31.1,28,34.9,0,27,18,토,1558,0,1,0,0,0
2018-08-05,30,27.2,33.9,2,27,17,일,1690,0,1,0,0,1
2018-08-06,30.5,28.3,35.3,6.5,31,20,월,815,0,1,0,0,1
2018-08-07,30.5,26.8,35.9,0,20,12,화,816,0,1,0,0,0
2018-08-08,31,27.6,35.3,0,26,17,수,720,0,1,0,0,1
2018-08-09,28.8,27.1,32.5,2,24,17,목,1072,0,1,0,0,0
2018-08-10,30.7,25.7,36.8,0,16,9,금,725,0,1,0,0,1
2018-08-11,31,26.4,36,0,10,6,토,2070,0,1,0,0,0
2018-08-12,30.6,27.2,35.3,5,15,10,일,3107,0,1,0,0,0
2018-08-13,30.5,26.7,34.4,1,31,22,월,865,0,1,0,0,1
2018-08-14,31.7,27.7,37.2,0,27,17,화,943,0,1,0,0,0
2018-08-15,31.7,28.3,38,1,28,19,1,1790,0,1,0,0,0
2018-08-16,29.9,24.1,35.6,0,16,8,목,755,0,1,0,0,0
2018-08-17,27.2,21.7,33.8,0,13,5,금,1690,0,1,0,0,0
2018-08-18,26.7,21.5,32.1,0,16,7,토,7856,0,1,0,0,0
2018-08-19,28.2,23,34.4,0,23,13,일,7320,0,1,0,0,0
2018-08-20,29.1,25.1,33.3,0,36,21,월,1315,0,1,0,0,0
2018-08-21,26.6,23.4,31,5,22,12,화,1185,0,1,0,0,1
2018-08-22,30.7,23.4,37.6,0,24,14,수,1501,0,1,0,0,0
2018-08-23,29.4,25.7,32.2,3,13,6,목,520,0,1,0,0,0
2018-08-24,24.4,23.2,26.3,7.5,9,4,금,480,0,1,0,0,1
2018-08-25,25.2,22.7,29.3,0,23,12,토,10258,0,1,0,0,0
2018-08-26,23.2,20.3,29,2,17,10,일,5426,0,1,0,0,0
2018-08-27,22.7,20.2,24.9,19.5,10,5,월,549,0,1,0,0,1
2018-08-28,23.7,22.5,26.1,96.5,10,5,화,644,0,1,0,0,1
2018-08-29,25.2,22.7,27.4,42,13,7,수,4342,0,1,0,0,1
2018-08-30,25.3,23.9,28.2,9.5,27,17,목,1066,0,1,0,0,1
2018-08-31,25.6,22.8,30.3,0.1,24,14,금,2373,0,1,0,0,1
2018-09-01,25.5,20.8,30.9,0,19,9,토,15182,0,1,0,0,0
2018-09-02,25.1,20.1,29.6,0,13,6,일,15541,0,1,0,0,0
2018-09-03,23.3,21.4,25.8,34.5,15,8,월,684,0,1,0,0,1
2018-09-04,23.2,20,27.8,0,17,8,화,2211,0,1,0,0,1
2018-09-05,24,19.6,28.5,0,27,10,수,2910,0,1,0,0,0
2018-09-06,24.1,20.9,28.2,1,34,18,목,2383,0,1,0,0,1
2018-09-07,22,19.1,25.5,0.5,25,12,금,3470,0,1,0,0,0
2018-09-08,21.7,15.9,27.7,0,24,10,토,22103,0,1,0,0,0
2018-09-09,22.2,15.6,28.9,0,21,10,일,23202,0,1,0,0,0
2018-09-10,22.9,18.6,28.4,0,12,5,월,3329,0,1,0,0,0
2018-09-11,21.6,16.8,26.1,0,13,5,화,3546,0,1,0,0,0
2018-09-12,22.8,16.8,28.2,0,16,7,수,3032,0,1,0,0,0
2018-09-13,23.5,20.3,28.3,0,19,9,목,3182,0,1,0,0,0
2018-09-14,23.5,20.3,26.8,0.5,18,9,금,3111,0,1,0,0,0
2018-09-15,23.3,21,26,0.2,13,7,토,10686,0,1,0,0,1
2018-09-16,22.2,21,23.9,2,37,25,일,9048,0,1,0,0,1
2018-09-17,22.3,18.5,27.7,0.1,28,15,월,3011,0,1,0,0,1
2018-09-18,22,17.7,26.5,0,36,17,화,3310,0,1,0,0,0
2018-09-19,22.1,18.9,26.6,0.2,39,19,수,7333,0,1,0,0,0
2018-09-20,19,17.8,20.1,5,15,9,목,1696,0,1,0,0,1
2018-09-21,19.4,17.6,21.9,18,8,4,금,741,0,1,0,0,1
2018-09-22,20.8,17.2,25.5,6.5,31,11,토,14301,0,1,0,0,1
2018-09-23,19.4,15.6,25.3,0,29,10,일,13065,0,1,0,0,0
2018-09-24,17.6,14.2,22.1,0,14,6,1,19661,0,1,0,0,0
2018-09-25,17.8,10.8,24.3,0,14,7,1,29558,0,1,0,0,0
2018-09-26,19.4,16.2,24.8,0,8,4,1,21131,0,1,0,0,0
2018-09-27,18.9,13.2,25,0,9,4,목,5153,0,1,0,0,0
2018-09-28,17.5,14.3,22.2,0,14,6,금,5910,0,1,0,0,0
2018-09-29,20.2,14.6,27,0,16,8,토,22289,0,0,1,0,0
2018-09-30,17.6,14,21.6,0,20,10,일,19868,0,0,1,0,0
2018-10-01,15.4,13,19.7,0,17,8,월,3207,0,0,1,0,0
2018-10-02,15.9,10.3,22,0,25,13,화,4863,0,0,1,0,0
2018-10-03,17.3,11.2,24.2,0,27,15,1,27449,0,0,1,0,0
2018-10-04,19.3,13,25.6,0,20,11,목,4159,0,0,1,0,0
2018-10-05,16.9,15.7,19,36.5,10,5,금,1426,0,0,1,0,1
2018-10-06,18,16.3,21.7,55.5,6,3,토,1355,0,0,1,0,1
2018-10-07,16.4,12.3,21.1,0,26,10,일,22060,0,0,1,0,1
2018-10-08,14.8,9.2,20.9,0,22,8,월,11611,0,0,1,0,0
2018-10-09,15.3,10.7,19.8,0,25,11,1,27514,0,0,1,0,0
2018-10-10,12,7.9,16.7,7,18,10,수,3384,0,0,1,0,1
2018-10-11,9.7,6.1,13.9,0,17,7,목,5071,0,0,1,0,0
2018-10-12,10.9,5.2,17.4,0,24,12,금,8295,0,0,1,0,0
2018-10-13,12.5,6.1,19.8,0,34,21,토,16641,0,0,1,0,1
2018-10-14,13.2,6.8,20.3,0,34,22,일,17762,0,0,1,0,1
2018-10-15,15.2,10.9,21,0,60,37,월,7580,0,0,1,0,1
2018-10-16,14.5,9.9,20.3,0,48,26,화,4861,0,0,1,0,1
2018-10-17,12.4,8.4,18.6,0,34,16,수,5903,0,0,1,0,1
2018-10-18,12.7,7.5,19,0,15,7,목,5146,0,0,1,0,0
2018-10-19,13.1,7.2,20.4,0,19,9,금,11385,0,0,1,0,0
2018-10-20,13.4,6.9,21.4,0,39,20,토,22515,0,0,1,0,1
2018-10-21,13.4,7.2,21.1,0,37,22,일,21366,0,0,1,0,0
2018-10-22,14,8.8,20.6,0,52,33,월,4455,0,0,1,0,1
2018-10-23,12.2,9.8,16.9,5,51,30,화,2405,0,0,1,0,1
2018-10-24,12.5,7.6,18.7,0,40,18,수,5240,0,0,1,0,1
2018-10-25,13.8,7,21.2,0,39,19,목,6662,0,0,1,0,0
2018-10-26,12.2,9.9,14.7,11,35,19,금,14286,0,0,1,0,1
2018-10-27,8.7,6.2,11.6,0,26,6,토,21561,0,0,1,0,0
2018-10-28,8.3,5.2,13.5,5.5,14,8,일,4916,0,0,1,0,0
2018-10-29,7.2,3.4,11.7,0,17,7,월,3342,0,0,1,0,0
2018-10-30,6.1,0.7,11.6,0,21,10,화,3786,0,0,1,0,0
2018-10-31,7.4,3,12.6,0,22,12,수,5730,0,0,1,0,0
2018-11-01,8.4,2.5,15.2,0,34,19,목,3923,0,0,1,0,0
2018-11-02,10.6,4,19,0,43,26,금,5152,0,0,1,0,0
2018-11-03,11.2,5,19.1,0,53,35,토,16626,0,0,1,0,1
2018-11-04,11.6,5.3,19.4,0,44,30,일,15903,0,0,1,0,1
2018-11-05,11.9,6.6,18.3,0,59,39,월,2780,0,0,1,0,1
2018-11-06,12.2,8,17.5,0,102,71,화,2108,0,0,1,0,1
2018-11-07,12.8,10.3,15.7,2,62,45,수,1321,0,0,1,0,1
2018-11-08,11.8,10.5,14.7,64,9,5,목,576,0,0,1,0,1
2018-11-09,12.1,9.5,15.4,1,41,24,금,2922,0,0,1,0,1
2018-11-10,11.9,8.8,17.1,0,72,46,토,6233,0,0,1,0,1
2018-11-11,8.1,5.4,10.9,0,66,41,일,5204,0,0,1,0,1
2018-11-12,8.1,3.1,15.1,0,32,17,월,2316,0,0,1,0,0
2018-11-13,8.8,4.1,15.4,0,41,24,화,2244,0,0,1,0,1
2018-11-14,9.8,4.8,16.6,0,35,22,수,2219,0,0,1,0,0
2018-11-15,9.7,4.7,16.2,0,49,33,목,1911,0,0,1,0,1
2018-11-16,8.8,4.2,14.5,0,55,39,금,1626,0,0,1,0,1
2018-11-17,4.9,0.6,11.4,0,31,17,토,6659,0,0,1,0,1
2018-11-18,6.1,1.9,10.7,0,36,22,일,6404,0,0,1,0,0
2018-11-19,6.5,3.3,11.3,0,56,31,월,1383,0,0,1,0,1
2018-11-20,6.5,0,12.7,0.2,45,18,화,1427,0,0,1,0,1
2018-11-21,5.8,3.1,8.2,1,34,17,수,893,0,0,1,0,1
2018-11-22,2.3,-1.3,7.1,0,21,9,목,4964,0,0,1,0,0
2018-11-23,1.9,-3.1,7.6,0,23,11,금,1208,0,0,1,0,0
2018-11-24,2.6,0.3,3.8,10.9,22,15,토,1404,0,0,1,0,1
2018-11-25,4.8,1.3,9.8,0,46,34,일,3699,0,0,1,0,1
2018-11-26,6.3,1.6,13.6,0,62,42,월,1169,0,0,1,0,1
2018-11-27,7.1,3.1,12.5,0,124,52,화,923,0,0,1,0,1
2018-11-28,5,2.1,11.1,0,118,21,수,895,0,0,1,0,0
2018-11-29,3.5,0.6,6.7,0,75,21,목,8472,0,0,1,0,0
2018-11-30,2.7,-1.5,8,0,61,22,금,987,0,0,1,0,0
2018-12-01,5.5,0.8,12.4,0,46,23,토,4005,0,0,1,0,0
2018-12-02,8.2,2.8,11.8,0,48,24,일,3381,0,0,1,0,0
2018-12-03,11.5,9.3,13.5,9.5,42,22,월,356,0,0,0,0,1
2018-12-04,6.7,-0.3,11.8,5,34,16,화,610,0,0,0,0,1
2018-12-05,0,-4.3,3.4,0,28,11,수,815,0,0,0,0,0
2018-12-06,2.4,-1,6.8,0,38,17,목,878,0,0,0,0,0
2018-12-07,-7.3,-9.6,-1.1,0,21,8,금,440,0,0,0,0,0
2018-12-08,-8.3,-11.4,-4.4,0,23,8,토,807,0,0,0,0,0
2018-12-09,-7.2,-11.8,-2.1,0,22,10,일,808,0,0,0,0,0
2018-12-10,-2.5,-8.1,4.6,0,35,18,월,553,0,0,0,0,0
2018-12-11,0.2,-2.4,2.9,0,42,23,화,997,0,0,0,0,1
2018-12-12,-1.9,-5,2.4,0,44,22,수,2089,0,0,0,0,1
2018-12-13,-2.2,-5.9,2.1,1.3,39,23,목,854,0,0,0,0,1
2018-12-14,-4.4,-7.8,0.6,0,33,18,금,456,0,0,0,0,0
2018-12-15,-2.4,-7.8,3.2,0,56,38,토,1381,0,0,0,0,1
2018-12-16,0,-2.6,2.1,0.3,54,40,일,1134,0,0,0,0,1
2018-12-17,1.6,-1.5,5.9,0.3,74,48,월,656,0,0,0,0,1
2018-12-18,2.6,-2.8,7.4,0,46,26,화,861,0,0,0,0,1
2018-12-19,4,1.3,9.5,0,52,31,수,809,0,0,0,0,1
2018-12-20,3.4,-1.1,10.4,0,59,37,목,876,0,0,0,0,1
2018-12-21,5.6,0.4,9.8,0,78,50,금,1630,0,0,0,0,1
2018-12-22,6.9,2.9,12.4,0,88,63,토,1982,0,0,0,0,1
2018-12-23,2.4,-3.4,7.5,0,52,28,일,2948,0,0,0,0,1
2018-12-24,-2.3,-5.9,3.1,0,23,12,월,982,0,0,0,0,0
2018-12-25,0.6,-4,5.2,0,34,22,1,2402,0,0,0,0,0
2018-12-26,-1.5,-7.1,3,0,50,25,수,752,0,0,0,0,1
2018-12-27,-10.1,-12.5,-6.5,0,27,8,목,3943,0,0,0,0,0
2018-12-28,-10.5,-14.4,-6.6,0,35,13,금,357,0,0,0,0,0
2018-12-29,-7.6,-10.5,-3,0,37,9,토,734,0,0,0,0,0
2018-12-30,-6.8,-11.3,-0.9,0,32,17,일,915,0,0,0,0,0
2018-12-31,-5.4,-10.5,-0.5,0,46,29,월,834,0,0,0,0,0
2019-01-01,-5,-8.2,-0.6,0,38,25,1,1524,0,0,0,0,0
2019-01-02,-4.9,-8.8,0.2,0,34,22,수,634,0,0,0,0,0
2019-01-03,-3.5,-8.4,3.2,0,39,24,목,777,0,0,0,0,0
2019-01-04,-1.1,-6.2,4.1,0,60,42,금,690,0,0,0,0,1
2019-01-05,-2.8,-5.5,1.1,0,63,40,토,1601,0,0,0,0,1
2019-01-06,-2.8,-6.3,2.7,0,49,23,일,2057,0,0,0,0,0
2019-01-07,-1.9,-6.2,3.1,0,57,37,월,773,0,0,0,0,1
2019-01-08,-3.5,-7.2,0.5,0,41,18,화,804,0,0,0,0,0
2019-01-09,-4.7,-9.4,1.3,0,51,22,수,529,0,0,0,0,0
2019-01-10,-0.6,-4.5,3,0,58,34,목,839,0,0,0,0,1
2019-01-11,2.4,-0.4,7.2,0,80,57,금,814,0,0,0,0,1
2019-01-12,2.8,-0.6,8,0,96,69,토,1855,0,0,0,0,1
2019-01-13,1.2,-3,7.6,0,115,83,일,1680,0,0,0,0,1
2019-01-14,1.4,-2.4,5.3,0,166,129,월,433,0,0,0,0,1
2019-01-15,-1.7,-7.2,2.6,0,134,81,화,493,0,0,0,0,1
2019-01-16,-5.2,-10.1,-1.1,0,46,17,수,674,0,0,0,0,0
2019-01-17,-0.3,-3.2,4,0,43,22,목,1220,0,0,0,0,0
2019-01-18,0.6,-4.6,6.7,0,61,39,금,810,0,0,0,0,1
2019-01-19,3.6,0,8.5,0,96,67,토,1738,0,0,0,0,1
2019-01-20,-1.4,-5.5,4,0,66,33,일,2064,0,0,0,0,1
2019-01-21,-1.2,-6.7,4.2,0,45,21,월,731,0,0,0,0,1
2019-01-22,1.7,-3.3,7.1,0,67,33,화,988,0,0,0,0,1
2019-01-23,2,-0.8,7,0,74,44,수,756,0,0,0,0,1
2019-01-24,0.1,-4.6,6.5,0,41,21,목,1010,0,0,0,0,0
2019-01-25,-1.2,-3.8,2.6,0,51,21,금,882,0,0,0,0,0
2019-01-26,-2.5,-6.5,2.4,0,43,20,토,2023,0,0,0,0,0
2019-01-27,-0.1,-6.6,5.1,0,36,20,일,2391,0,0,0,0,1
2019-01-28,1.2,-2.4,4.5,0,85,24,월,703,0,0,0,0,1
2019-01-29,-0.2,-5.6,7,0,67,23,화,938,0,0,0,0,0
2019-01-30,1.8,-2.8,6.6,0,63,33,수,716,0,0,0,0,1
2019-01-31,-2,-6.2,2.3,0,72,21,목,1624,0,0,0,0,1
2019-02-01,-2.1,-7.4,2.8,0.3,39,18,금,626,0,0,0,0,0
2019-02-02,1.4,-3.2,6.1,0,59,36,토,1630,0,0,0,0,1
2019-02-03,3.3,2,4.9,16,39,30,일,405,0,0,0,0,1
2019-02-04,-0.6,-3.3,3,0,72,36,1,2550,0,0,0,0,1
2019-02-05,2.8,-3.6,10.1,0,85,28,1,3855,0,0,0,0,1
2019-02-06,5.1,0.1,9.3,0,96,35,1,4046,0,0,0,0,1
2019-02-07,-2.1,-8.2,6.3,0.5,61,32,목,996,0,0,0,0,1
2019-02-08,-6.1,-10.2,-1.3,0,32,17,금,771,0,0,0,0,0
2019-02-09,-5.4,-8.6,-1.9,0,36,17,토,1771,0,0,0,0,0
2019-02-10,-5,-9.1,-1.9,0,42,23,일,1652,0,0,0,0,0
2019-02-11,-3,-7.5,2,0,39,23,월,732,0,0,0,0,0
2019-02-12,-0.6,-4.1,3.7,0,59,38,화,1041,0,0,0,0,1
2019-02-13,-2.1,-5.7,2.5,0,39,20,수,917,0,0,0,0,0
2019-02-14,-0.5,-5.9,6.3,0,53,27,목,1290,0,0,0,0,0
2019-02-15,-0.8,-2.9,0.9,2.2,39,28,금,587,0,0,0,0,1
2019-02-16,-2.7,-5.1,1.5,0.2,59,48,토,1889,0,0,0,0,1
2019-02-17,-1.8,-6.8,4.6,0,36,25,일,2834,0,0,0,0,1
2019-02-18,0.9,-4.7,5.9,0,42,27,월,1084,0,0,0,0,0
2019-02-19,1.4,0.2,3,4.6,43,34,화,514,0,0,0,0,1
2019-02-20,1.7,-0.1,4.5,0,62,51,수,832,0,0,0,0,1
2019-02-21,2.4,-2.6,9,0,77,62,목,998,0,0,0,0,1
2019-02-22,4,-1.6,10.8,0,73,55,금,1005,0,0,0,0,1
2019-02-23,6.8,0.5,14.5,0,56,39,토,4086,0,0,0,0,1
2019-02-24,6.3,1.2,13.7,0,65,51,일,7466,0,0,0,0,1
2019-02-25,4.7,1.3,10.2,0,82,59,월,1428,0,0,0,0,1
2019-02-26,5.2,-1.5,12,0,53,28,화,2285,0,0,0,0,0
2019-02-27,7.8,4.7,14,0,71,45,수,2595,0,0,0,0,1
2019-02-28,6.6,2,12.8,0,90,60,목,2135,0,0,0,0,1
2019-03-01,6.6,1.2,13,0,120,84,1,6264,1,0,0,0,1
2019-03-02,7.8,1.3,14.7,0,121,85,토,5491,1,0,0,0,1
2019-03-03,9.4,2.5,16.1,0,110,77,일,4393,1,0,0,0,1
2019-03-04,9.9,5,16.3,0,169,117,월,822,1,0,0,0,1
2019-03-05,8.4,5.6,12.9,0,186,135,화,649,1,0,0,0,1
2019-03-06,8.4,5.7,12.4,0,141,101,수,513,1,0,0,0,1
2019-03-07,7,3.1,12.7,0,57,39,목,1196,1,0,0,0,1
2019-03-08,6.1,0.6,13.4,0,47,26,금,1622,1,0,0,0,0
2019-03-09,7.2,-0.4,14.9,0,45,29,토,17833,1,0,0,0,0
2019-03-10,10.1,6.7,15.3,0,52,34,일,9254,1,0,0,0,0
2019-03-11,6.6,3.5,10,0,71,46,월,1025,1,0,0,0,1
2019-03-12,3.9,-0.3,7.9,0,83,49,화,1326,1,0,0,0,1
2019-03-13,3.5,-0.4,8.5,0,42,11,수,1064,1,0,0,0,0
2019-03-14,5,-1.7,10,0,42,20,목,1351,1,0,0,0,1
2019-03-15,5.5,1.6,11.3,3.5,56,32,금,963,1,0,0,0,1
2019-03-16,4.3,0.2,9.2,0,41,28,토,8722,1,0,0,0,1
2019-03-17,6.3,2.6,12.4,0,37,23,일,15718,1,0,0,0,1
2019-03-18,7.1,1.4,14.4,0,39,23,월,1945,1,0,0,0,0
2019-03-19,10,3.4,16.7,0,67,42,화,2077,1,0,0,0,1
2019-03-20,10.3,7.1,14.6,16.5,94,68,수,759,1,0,0,0,1
2019-03-21,7.1,1.9,11.1,3.3,34,26,목,1144,1,0,0,0,1
2019-03-22,3.3,-0.7,8.3,0,36,19,금,1477,1,0,0,0,0
2019-03-23,3.3,-0.4,8.2,1.7,24,15,토,3562,1,0,0,0,1
2019-03-24,4.3,-0.8,9.7,0,27,13,일,12787,1,0,0,0,0
2019-03-25,7.3,2.9,11.5,0,47,28,월,1538,1,0,0,0,1
2019-03-26,11.4,7.4,17.6,0,58,34,화,1744,1,0,0,0,1
2019-03-27,11.6,8.9,16.2,0,94,60,수,1117,1,0,0,0,1
2019-03-28,9.4,5.6,14.6,0,81,49,목,1665,1,0,0,0,1
2019-03-29,9.2,5.5,15.1,0,39,19,금,2870,1,0,0,0,0
2019-03-30,5.2,3.5,8.4,1.8,35,24,토,2452,1,0,0,0,1
2019-03-31,4.4,2.6,8.4,0,42,26,일,4418,1,0,0,0,0
2019-04-01,5.5,0.3,11.3,0,24,12,월,1876,1,0,0,0,1
2019-04-02,6.7,1.3,13,0,32,17,화,2081,1,0,0,0,0
2019-04-03,7.6,1.9,13.6,0,38,22,수,3957,1,0,0,0,0
2019-04-04,9.2,3,15.7,0,35,20,목,3060,1,0,0,0,0
2019-04-05,11.4,7,17.2,0,78,24,금,4100,1,0,0,0,0
2019-04-06,9.3,5.9,12.2,0.8,59,19,토,11272,1,0,0,0,0
2019-04-07,12.6,5.6,20.3,0,37,16,일,31924,1,0,0,0,1
2019-04-08,11.6,7.6,17.2,0,37,12,월,5501,1,0,0,0,0
2019-04-09,9.2,4.7,13.9,17.4,25,10,화,3029,1,0,0,0,1
2019-04-10,7.1,4.7,10.2,5.6,7,5,수,2124,1,0,0,0,1
2019-04-11,9.5,4.3,15.7,0,28,17,목,8577,1,0,0,0,1
2019-04-12,11.4,5.5,18.4,0,51,31,금,9296,1,0,0,0,1
2019-04-13,11.8,6.2,17.9,0,46,30,토,39200,1,0,0,0,1
2019-04-14,9.6,6.9,13.6,1.7,39,21,일,5017,1,0,0,0,1
2019-04-15,11.6,3.9,18.1,0,52,17,월,6556,1,0,0,0,0
2019-04-16,14.9,6.8,22.6,0,47,22,화,6982,1,0,0,0,0
2019-04-17,15.3,9.1,21.8,0,40,20,수,6040,1,0,0,0,0
2019-04-18,12.6,10.4,16.2,0,41,24,목,4791,1,0,0,0,1
2019-04-19,13.8,9.6,19.7,0,44,22,금,6494,1,0,0,0,1
2019-04-20,14.3,9.7,19.1,1.2,47,25,토,29419,1,0,0,0,1
2019-04-21,14.8,12.2,20.2,0.3,33,25,일,19874,1,0,0,0,1
2019-04-22,19.3,10.7,28.2,0,97,41,월,4445,1,0,0,0,1
2019-04-23,20.4,15.3,25.5,0,91,44,화,3905,1,0,0,0,1
2019-04-24,19.5,15.8,25.9,4.1,57,40,수,3475,1,0,0,0,1
2019-04-25,13.2,9.4,17.2,11.3,38,18,목,6869,1,0,0,0,1
2019-04-26,8.4,6.2,9.9,4.9,9,6,금,3550,1,0,0,0,1
2019-04-27,11.6,4.1,18.2,0,17,10,토,23777,1,0,0,0,0
2019-04-28,12.9,9.9,16.6,0,18,13,일,17964,1,0,0,0,0
2019-04-29,13,8.3,17.3,0,25,16,월,3283,1,0,0,0,0
2019-04-30,15.5,9,22.5,0,34,21,화,6833,1,0,0,0,0
2019-05-01,16.4,11.2,22.2,0,62,27,수,26327,1,0,0,0,1
2019-05-02,17.1,10.6,25.3,0,53,15,목,6977,1,0,0,0,0
2019-05-03,17.9,10.1,26.1,0,63,32,금,9589,1,0,0,0,1
2019-05-04,19.5,12,27.4,0,91,58,토,17366,1,0,0,0,1
2019-05-05,19.2,13.6,26.5,0,67,41,일,43255,1,0,0,0,1
2019-05-06,14.5,9.8,19.8,0,34,10,1,31870,1,0,0,0,0
2019-05-07,15,8.4,21.9,0,47,18,화,4534,1,0,0,0,0
2019-05-08,15.6,10.1,21.3,0,54,24,수,3574,1,0,0,0,1
2019-05-09,16.6,11.7,22.9,0,47,24,목,5572,1,0,0,0,1
2019-05-10,17.8,10.3,26.8,0,61,35,금,7701,1,0,0,0,1
2019-05-11,20.3,13.2,28.3,0,66,37,토,17093,1,0,0,0,1
2019-05-12,21.6,14.7,28.9,0,56,37,일,17370,1,0,0,0,1
2019-05-13,18.7,15.5,22.8,0,55,36,월,3194,1,0,0,0,1
2019-05-14,19.6,12.9,26.9,0,44,33,화,6529,1,0,0,0,0
2019-05-15,20.7,14.8,28,0,68,45,수,6094,1,0,0,0,1
2019-05-16,23.5,16.7,30,0,67,44,목,5200,1,0,0,0,1
2019-05-17,23.6,17.6,28.3,0,55,39,금,8945,1,0,0,0,1
2019-05-18,22.8,19.1,25.9,0,29,17,토,16276,1,0,0,0,1
2019-05-19,19.4,17.9,21.6,22,15,11,일,2666,1,0,0,0,1
2019-05-20,16.4,13,20.2,8.7,38,13,월,3766,1,0,0,0,1
2019-05-21,17.2,11.7,23.8,0,53,20,화,7521,1,0,0,0,1
2019-05-22,19.5,12.3,26.5,0,56,28,수,6119,1,0,0,0,1
2019-05-23,22.1,15,29.2,0,72,42,목,6060,1,0,0,0,1
2019-05-24,24.2,16.2,33.4,0,86,54,금,7253,1,0,0,0,1
2019-05-25,23.4,18.4,28.6,0,79,53,토,23240,1,0,0,0,1
2019-05-26,24.5,18.6,31.1,0,39,24,일,25575,1,0,0,0,0
2019-05-27,17.8,14.3,22.3,7.1,23,14,월,1162,1,0,0,0,1
2019-05-28,18.1,11.9,24.6,0,22,8,화,9372,0,1,0,0,0
2019-05-29,20.3,13.3,26.5,0,48,23,수,8026,0,1,0,0,0
2019-05-30,19.6,14.6,24.5,0,45,25,목,19350,0,1,0,0,0
2019-05-31,19.1,16.1,23.3,0,20,11,금,8759,0,1,0,0,0
2019-06-01,18.9,14.8,23.7,0,34,25,토,26364,0,1,0,0,1
2019-06-02,21.1,14.1,27.8,0,36,23,일,25449,0,1,0,0,0
2019-06-03,23.1,16,29.5,0,38,22,월,6056,0,1,0,0,0
2019-06-04,22.6,17.6,29,0,29,20,화,6528,0,1,0,0,1
2019-06-05,23,17.8,29.6,0,54,38,수,6975,0,1,0,0,1
2019-06-06,21.2,18.6,25.1,7.5,59,42,1,21962,0,1,0,0,1
2019-06-07,20,17,24.7,35.3,13,9,금,2612,0,1,0,0,1
2019-06-08,21.9,16,27.6,0,25,16,토,27175,0,1,0,0,0
2019-06-09,21.6,17.1,26.5,2.5,37,29,일,15525,0,1,0,0,1
2019-06-10,18.4,15.7,21.9,9.5,10,6,월,3073,0,1,0,0,1
2019-06-11,20.5,15.5,26.1,0,13,7,화,4733,0,1,0,0,0
2019-06-12,21.5,16.1,26.4,0,30,18,수,4792,0,1,0,0,0
2019-06-13,23,16.6,28.8,0,30,20,목,3361,0,1,0,0,0
2019-06-14,23,19.1,28.4,0,34,23,금,3441,0,1,0,0,1
2019-06-15,21.9,17.9,27.4,2.1,34,20,토,12924,0,1,0,0,0
2019-06-16,22,16.1,27.2,0,16,11,일,14680,0,1,0,0,0
2019-06-17,21.7,18.1,26.2,0,24,15,월,3147,0,1,0,0,1
2019-06-18,20.8,17,24.8,13.8,31,23,화,2085,0,1,0,0,1
2019-06-19,21.4,18.9,25.4,0.2,32,25,수,2212,0,1,0,0,1
2019-06-20,22.7,19.8,27.8,0,27,20,목,3271,0,1,0,0,1
2019-06-21,22.1,19.4,26.1,0.2,27,19,금,2457,0,1,0,0,1
2019-06-22,24.2,17.7,30.6,0,12,7,토,12601,0,1,0,0,0
2019-06-23,25,19.1,31,0,12,8,일,11289,0,1,0,0,0
2019-06-24,25.2,20.9,30.9,0,21,13,월,2921,0,1,0,0,0
2019-06-25,25.6,19.5,32.8,0,31,21,화,2038,0,1,0,0,1
2019-06-26,25.5,20.7,29.5,0,33,22,수,1954,0,1,0,0,0
2019-06-27,25.5,21.9,31.2,1.4,22,16,목,1587,0,1,0,0,1
2019-06-28,24.7,22.3,29,0,39,31,금,17126,0,1,0,0,1
2019-06-29,23.1,19.6,27.7,1.5,25,20,토,4743,0,1,0,0,1
2019-06-30,23.9,20.9,28.5,0,33,26,일,9422,0,1,0,0,1
2019-07-01,23.9,20.6,28.9,0,34,26,월,2026,0,1,0,0,1
2019-07-02,24.4,20.8,30.1,0,30,22,화,2076,0,1,0,0,1
2019-07-03,24.1,21.2,27.4,0,33,24,수,1546,0,1,0,0,1
2019-07-04,25.4,20,32.8,0,30,21,목,1671,0,1,0,0,1
2019-07-05,27.6,20.2,35,0,33,21,금,1344,0,1,0,0,1
2019-07-06,29.7,24.6,36.1,0,29,21,토,3647,0,1,0,0,0
2019-07-07,26.7,22.7,32.5,0,17,11,일,4107,0,1,0,0,0
2019-07-08,25.1,21.2,31,0,10,5,월,1440,0,1,0,0,0
2019-07-09,25,19.7,30,0,10,6,화,1778,0,1,0,0,0
2019-07-10,22.7,19.3,27.3,8.5,9,6,수,1412,0,1,0,0,1
2019-07-11,21.9,19.5,25.9,2.9,7,3,목,1100,0,1,0,0,1
2019-07-12,23.6,20,28.7,0,14,9,금,2070,0,1,0,0,0
2019-07-13,24.9,22.1,29.7,0,31,25,토,7214,0,1,0,0,1
2019-07-14,25.9,21.2,31.6,0,43,37,일,6264,0,1,0,0,1
2019-07-15,23.8,22.1,27.4,7.7,40,32,월,1060,0,1,0,0,1
2019-07-16,24.7,21.4,28.8,6.3,33,25,화,1684,0,1,0,0,1
2019-07-17,25.6,22.3,29.2,0.7,61,48,수,1339,0,1,0,0,1
2019-07-18,26.9,23.3,32.1,0,66,53,목,2643,0,1,0,0,1
2019-07-19,28.6,22.8,35,0,34,26,금,1355,0,1,0,0,1
2019-07-20,28,25.1,31.9,1.1,8,4,토,2468,0,1,0,0,0
2019-07-21,25.1,24.2,27,6.2,14,9,일,2912,0,1,0,0,1
2019-07-22,26.7,24.2,31,0.1,43,33,월,1429,0,1,0,0,1
2019-07-23,28.1,24.4,32.9,0,26,17,화,1370,0,1,0,0,1
2019-07-24,26.5,25.2,27.2,1,23,15,수,765,0,1,0,0,1
2019-07-25,26.3,25.6,27.4,9.7,26,18,목,630,0,1,0,0,1
2019-07-26,25.1,23.7,25.9,60,19,14,금,12704,0,1,0,0,1
2019-07-27,28.4,24.9,33.4,0.6,18,13,토,2834,0,1,0,0,1
2019-07-28,26.1,25,28.2,25.6,14,9,일,1144,0,1,0,0,1
2019-07-29,27.5,25.6,30,0.5,14,8,월,2921,0,1,0,0,0
2019-07-30,28.1,26.3,30.8,1.2,17,10,화,2230,0,1,0,0,0
2019-07-31,25.8,24,27.5,62.3,17,10,수,724,0,1,0,0,1
2019-08-01,26.3,23.5,30.1,26.9,13,8,목,3038,0,1,0,0,1
2019-08-02,28.4,24.7,33.1,0,18,11,금,2886,0,1,0,0,1
2019-08-03,29.4,25.6,36,3,20,13,토,2685,0,1,0,0,1
2019-08-04,28.3,25,34.4,8.6,29,21,일,2468,0,1,0,0,1
2019-08-05,30.5,25.6,35.9,0,39,29,월,1053,0,1,0,0,1
2019-08-06,31.6,27.9,36.8,0,28,20,화,7204,0,1,0,0,0
2019-08-07,26.9,23.9,30.3,8,21,13,수,1197,0,1,0,0,1
2019-08-08,28.9,25.9,32.7,0,39,29,목,1250,0,1,0,0,1
2019-08-09,29.8,26,34.6,0,27,18,금,886,0,1,0,0,1
2019-08-10,31.5,26.6,36.5,0,22,14,토,1785,0,1,0,0,0
2019-08-11,30.4,26.3,35.7,6.7,17,11,일,2657,0,1,0,0,1
2019-08-12,26.6,24.8,28.5,56.2,17,13,월,428,0,1,0,0,1
2019-08-13,29.2,25.1,35.3,6.4,23,14,화,1185,0,1,0,0,1
2019-08-14,30.4,25.9,35.7,0,20,13,수,872,0,1,0,0,1
2019-08-15,25.9,23.9,28.6,16.2,9,5,1,1120,0,1,0,0,1
2019-08-16,25.9,23,29.5,0.1,17,9,금,3587,0,1,0,0,0
2019-08-17,25.9,23.4,28.8,0,32,20,토,5430,0,1,0,0,1
2019-08-18,25.6,22.6,30.7,0,22,13,일,7670,0,1,0,0,0
2019-08-19,26.3,21.2,31.3,0,25,15,월,1854,0,1,0,0,0
2019-08-20,28.2,23.2,32.8,0,28,19,화,1430,0,1,0,0,0
2019-08-21,27,24.4,30.4,1.3,34,23,수,1328,0,1,0,0,1
2019-08-22,26.9,23,31.4,0,41,29,목,1190,0,1,0,0,1
2019-08-23,26.2,22.7,30.5,0,33,19,금,1863,0,1,0,0,1
2019-08-24,24.1,21.5,27.3,0,23,11,토,10784,0,1,0,0,0
2019-08-25,25,20.2,29.9,0,20,12,일,11007,0,1,0,0,0
2019-08-26,26.4,21.5,32.1,0,26,16,월,1821,0,1,0,0,0
2019-08-27,25.7,22.2,29.3,20,26,18,화,1711,0,1,0,0,1
2019-08-28,26.1,23.6,30.2,0,29,19,수,1679,0,1,0,0,0
2019-08-29,23.4,20.1,26.4,36.9,28,20,목,5198,0,1,0,0,1
2019-08-30,22.6,19.5,27,0.2,19,9,금,2304,0,1,0,0,0
2019-08-31,23.5,18.5,28.9,0,18,10,토,15428,0,1,0,0,0
2019-09-01,23.7,19.2,27.8,0,20,12,일,14422,0,1,0,0,0
2019-09-02,24.4,19.4,29.7,0,26,14,월,1994,0,1,0,0,0
2019-09-03,24.1,22,28,0,22,13,화,1790,0,1,0,0,0
2019-09-04,22.8,21.2,25.5,22.7,8,5,수,460,0,1,0,0,1
2019-09-05,23,21.5,27.6,36.4,9,5,목,764,0,1,0,0,1
2019-09-06,25.3,21.6,29.1,2.4,15,9,금,998,0,1,0,0,0
2019-09-07,25.7,22.6,29.5,2.8,14,6,토,,0,1,0,0,1
2019-09-08,24.7,22.9,27.3,0,36,22,일,6033,0,1,0,0,1
2019-09-09,25.1,22.4,28,0,37,25,월,925,0,1,0,0,1
2019-09-10,23.8,22.1,26.5,63.2,14,9,화,987,0,1,0,0,1
2019-09-11,24.3,20.4,28.7,7.6,9,5,수,1770,0,1,0,0,1
2019-09-12,21,18.7,22.9,3.9,12,5,1,5460,0,1,0,0,1
2019-09-13,23.3,18.3,29.3,0.1,14,6,1,19822,0,1,0,0,0
2019-09-14,22.4,20.8,24.1,0.3,19,12,토,16120,0,1,0,0,1
2019-09-15,24.2,19.5,30,0,16,11,일,14186,0,1,0,0,1
2019-09-16,24.5,20.7,30.5,0,13,6,월,3182,0,1,0,0,0
2019-09-17,23.5,18,29,0,19,9,화,2611,0,1,0,0,0
2019-09-18,21,16,25.4,0,32,12,수,3172,0,1,0,0,0
2019-09-19,19.5,13.6,26,0,28,10,목,3431,0,1,0,0,0
2019-09-20,19.6,15.8,24.2,0,24,10,금,4563,0,1,0,0,0
2019-09-21,19.6,18.3,22.1,0,15,7,토,10127,0,1,0,0,0
2019-09-22,18.6,17.3,19.6,0.4,6,3,일,1126,0,1,0,0,0
2019-09-23,20,16.9,24.6,0,14,6,월,2999,0,1,0,0,0
2019-09-24,19.8,13.9,26.5,0,24,12,화,4136,0,1,0,0,0
2019-09-25,20.9,14.8,27.4,0,30,16,수,3948,0,1,0,0,0
2019-09-26,22.9,17.7,29,0,27,16,목,11123,0,1,0,0,0
2019-09-27,22.9,19.6,27,0,22,12,금,4624,0,1,0,0,0
2019-09-28,23.7,19.4,29.2,0,27,17,토,22637,0,0,1,0,0
2019-09-29,22.6,17.9,28.6,0,38,25,일,18965,0,0,1,0,1
2019-09-30,22.4,16.4,29.9,0,51,33,월,4098,0,0,1,0,1
2019-10-01,23.1,17.6,28.2,0,47,31,화,3496,0,0,1,0,1
2019-10-02,21.6,20,24.2,23.1,24,16,수,2251,0,0,1,0,1
2019-10-03,22.4,19.8,27.3,4.6,9,5,1,15337,0,0,1,0,0
2019-10-04,22.4,18,27.8,0,25,16,금,11882,0,0,1,0,1
2019-10-05,18.7,14.7,21.9,0.6,38,21,토,16368,0,0,1,0,1
2019-10-06,18.1,13.2,22.7,0,12,5,일,19596,0,0,1,0,0
2019-10-07,14.8,13.3,17.9,25.4,11,6,월,453,0,0,1,0,1
2019-10-08,14.7,10.6,19.8,0,22,10,화,6765,0,0,1,0,1
2019-10-09,13.6,7.7,20.4,0,24,9,1,25533,0,0,1,0,0
2019-10-10,15.2,10.7,19.8,0,30,15,목,4152,0,0,1,0,0
2019-10-11,18.8,13,26.1,0,35,19,금,6444,0,0,1,0,1
2019-10-12,17.9,13.3,23.3,0,24,11,토,18065,0,0,1,0,0
2019-10-13,17.2,12.1,23.8,0,20,9,일,18452,0,0,1,0,0
2019-10-14,14.4,9.5,19.6,0,34,16,월,3421,0,0,1,0,1
2019-10-15,14.5,8.8,20.4,0,20,8,화,4828,0,0,1,0,0
2019-10-16,14.6,9,20.8,0,27,14,수,4625,0,0,1,0,0
2019-10-17,15.4,11.2,21.6,0,30,16,목,7092,0,0,1,0,0
2019-10-18,17,12,22.7,0,17,9,금,8745,0,0,1,0,0
2019-10-19,17,12.1,23.1,0,22,11,토,19166,0,0,1,0,1
2019-10-20,16.5,12,22.9,0,37,23,일,16154,0,0,1,0,1
2019-10-21,17.1,10.9,24.6,0,42,26,월,4135,0,0,1,0,1
2019-10-22,18.1,13.3,24.4,0,39,24,화,4520,0,0,1,0,1
2019-10-23,17,14.3,20.7,0,24,14,수,5540,0,0,1,0,0
2019-10-24,18.3,15.3,23.8,0,28,16,목,4341,0,0,1,0,0
2019-10-25,16.7,13.1,22,0,25,12,금,8133,0,0,1,0,1
2019-10-26,10,6.6,14.9,0,23,13,토,17609,0,0,1,0,0
2019-10-27,11,4.7,17.4,0,25,14,일,16692,0,0,1,0,0
2019-10-28,12.9,7.4,17.7,1.7,31,19,월,3318,0,0,1,0,1
2019-10-29,12.5,8.2,17.6,0.1,98,20,화,3791,0,0,1,0,1
2019-10-30,11.2,5,17.7,0,26,11,수,12945,0,0,1,0,0
2019-10-31,14.8,8.4,19.7,0,79,25,목,4014,0,0,1,0,1
2019-11-01,14.9,11.4,20.5,0,92,34,금,3458,0,0,1,0,1
2019-11-02,13.6,8.3,18.7,0,77,40,토,14026,0,0,1,0,1
2019-11-03,14.7,9.4,22.1,0,55,33,일,11948,0,0,1,0,1
2019-11-04,13.8,9.2,20.3,0,15,7,월,3977,0,0,1,0,0
2019-11-05,12.4,8.4,18.4,0,35,20,화,3444,0,0,1,0,1
2019-11-06,11,6.3,16.5,0,50,30,수,3086,0,0,1,0,1
2019-11-07,9.2,5,13.6,0,52,23,목,3573,0,0,1,0,0
2019-11-08,6.8,1.1,13,0,45,18,금,4592,0,0,1,0,0
2019-11-09,9.5,3.5,17.2,0,45,22,토,12385,0,0,1,0,0
2019-11-10,10,6.2,15.3,11.8,40,25,일,9306,0,0,1,0,1
2019-11-11,11.2,7.9,15.1,1.1,25,15,월,2244,0,0,1,0,1
2019-11-12,9.3,4.8,14.5,0,40,22,화,2867,0,0,1,0,1
2019-11-13,7.2,3,11.3,7.5,35,21,수,1080,0,0,1,0,1
2019-11-14,1.3,-2.5,5,0,21,6,목,3890,0,0,1,0,0
2019-11-15,5.6,1.4,7.6,18.8,24,13,금,618,0,0,1,0,1
2019-11-16,6.8,3.8,12.7,0,33,21,토,6239,0,0,1,0,1
2019-11-17,8.3,5.6,10.5,21.1,28,16,일,1062,0,0,1,0,1
2019-11-18,4.6,0.4,12.7,14.7,64,11,월,893,0,0,1,0,1
2019-11-19,0.2,-3.5,4,0,30,9,화,2984,0,0,1,0,0
2019-11-20,0.5,-4.6,6.3,0,24,10,수,1030,0,0,1,0,0
2019-11-21,4.2,-2.3,9,0,37,18,목,1160,0,0,1,0,0
2019-11-22,9.7,3,17.3,0,46,22,금,1700,0,0,1,0,0
2019-11-23,12.1,7.7,17.7,0,36,19,토,7841,0,0,1,0,0
2019-11-24,9.8,4.6,15.6,3.8,33,20,일,3749,0,0,1,0,1
2019-11-25,1.9,-1.2,6,0,26,14,월,922,0,0,1,0,0
2019-11-26,6.6,1.2,13.7,0,26,16,화,1377,0,0,1,0,0
2019-11-27,3.1,0.3,6.8,0,41,22,수,1223,0,0,1,0,1
2019-11-28,3.5,-0.6,10.4,0,38,20,목,1041,0,0,1,0,0
2019-11-29,1.5,-3.4,6.9,0,45,23,금,18132,0,0,1,0,0
2019-11-30,4.1,-1.4,9.3,0,46,28,토,3727,0,0,1,0,0
2019-12-01,4.6,2.3,6.2,3.3,39,29,일,836,0,0,1,0,1
2019-12-02,-0.1,-3.2,2.8,0,23,13,월,813,0,0,1,0,1
2019-12-03,0.5,-5,4.2,0.6,28,16,화,696,0,0,0,0,1
2019-12-04,2,-2,7.2,0,29,15,수,790,0,0,0,0,1
2019-12-05,-4.4,-8.5,-0.2,0,22,11,목,705,0,0,0,0,0
2019-12-06,-5.9,-10.6,-1,0,31,16,금,407,0,0,0,0,0
2019-12-07,-2.4,-5.5,1.2,0.1,47,31,토,1326,0,0,0,0,1
2019-12-08,-0.9,-5.5,4.9,0,55,40,일,2122,0,0,0,0,1
2019-12-09,3.2,-1.3,8,0,63,46,월,621,0,0,0,0,1
2019-12-10,8.1,6,10.8,1.7,97,71,화,708,0,0,0,0,1
2019-12-11,6.3,0.1,9.8,0.2,75,51,수,645,0,0,0,0,1
2019-12-12,-0.7,-3.5,3.4,0,20,14,목,1153,0,0,0,0,0
2019-12-13,2.1,-3.7,5.9,1,27,16,금,749,0,0,0,0,1
2019-12-14,2.7,-0.1,6.4,0,38,26,토,2182,0,0,0,0,1
2019-12-15,5.3,0.4,11,0,37,26,일,3487,0,0,0,0,1
2019-12-16,7.8,2.1,12.9,0,38,23,월,1084,0,0,0,0,0
2019-12-17,7.7,3.2,10.2,9.8,28,19,화,473,0,0,0,0,1
2019-12-18,0.8,-1.7,5.2,0,38,27,수,1578,0,0,0,0,1
2019-12-19,-0.8,-4.5,3.1,0,26,17,목,779,0,0,0,0,0
2019-12-20,-1.1,-3.5,2,0,29,19,금,725,0,0,0,0,1
2019-12-21,-1.2,-5.1,1.5,0.6,34,23,토,1661,0,0,0,0,1
2019-12-22,4.1,0.3,8.4,0.3,58,43,일,1967,0,0,0,0,1
2019-12-23,3.4,0.3,5.2,2.9,50,40,월,699,0,0,0,0,1
2019-12-24,0.8,-2.9,6.5,0,69,52,화,959,0,0,0,0,1
2019-12-25,2,-2.7,6.6,0,51,38,1,2858,0,0,0,0,1
2019-12-26,2,-2.4,4.1,0.3,47,33,목,548,0,0,0,0,1
2019-12-27,-1.7,-4.6,2.6,0,34,24,금,1302,0,0,0,0,1
2019-12-28,1.1,-3.6,6.1,0,42,25,토,2110,0,0,0,0,0
2019-12-29,3.8,1.1,6.2,1.4,45,27,일,6913,0,0,0,0,1
2019-12-30,2.7,-5.7,6.8,0.4,36,25,월,863,0,0,0,0,1
2019-12-31,-7.9,-10.9,-4.5,0,26,15,화,548,0,0,0,0,0
2020-01-01,-2.2,-6.5,0.3,0.1,34,23,1,1239,0,0,0,0,1
2020-01-02,1,-0.7,3.8,0,58,40,목,866,0,0,0,0,1
2020-01-03,-0.1,-3.4,4.6,0,69,47,금,812,0,0,0,0,1
2020-01-04,1.2,-2.8,6.1,0,56,38,토,2059,0,0,0,0,1
2020-01-05,1.3,-3.2,6.6,0,52,36,일,2721,0,0,0,0,1
2020-01-06,3.1,0.6,4.6,1.8,39,27,월,466,0,0,0,0,1
2020-01-07,6.3,4.2,7.7,46.3,8,6,화,281,0,0,0,0,1
2020-01-08,2.4,-0.4,8.9,11.6,21,16,수,622,0,0,0,0,1
2020-01-09,-1.2,-3.1,2,0,50,40,목,1282,0,0,0,0,1
2020-01-10,-0.6,-4.3,4.2,0,65,49,금,786,0,0,0,0,1
2020-01-11,-0.1,-2.6,3.9,0,54,40,토,1961,0,0,0,0,1
2020-01-12,-1,-3.5,2.8,0,46,34,일,2180,0,0,0,0,1
2020-01-13,-2.9,-4.7,0.2,0,26,17,월,732,0,0,0,0,1
2020-01-14,-2.3,-5.7,2.6,0,32,21,화,895,0,0,0,0,0
2020-01-15,-2.7,-6.4,2.2,0,38,25,수,857,0,0,0,0,0
2020-01-16,-1.7,-5.5,3.2,0,43,28,목,762,0,0,0,0,0
2020-01-17,-0.6,-4.8,4.9,0,58,37,금,674,0,0,0,0,1
2020-01-18,0.3,-4.1,5.9,0,64,40,토,2425,0,0,0,0,1
2020-01-19,1.9,-0.4,5.3,0.6,63,47,일,1539,0,0,0,0,1
2020-01-20,0.7,-3.3,5.5,0,52,30,월,761,0,0,0,0,1
2020-01-21,-0.4,-5.6,5.5,0,44,25,화,763,0,0,0,0,0
2020-01-22,3,-0.1,7.8,0,45,28,수,780,0,0,0,0,0
2020-01-23,4.6,0,9.9,0,60,40,목,809,0,0,0,0,1
2020-01-24,2.8,-1.3,7.4,0,71,51,1,2041,0,0,0,0,1
2020-01-25,4.3,0.6,8.8,0,51,38,토,3800,0,0,0,0,1
2020-01-26,5.5,-0.2,11.9,0,27,20,일,4597,0,0,0,0,1
2020-01-27,5.9,4.8,7.5,0.1,10,5,1,2236,0,0,0,0,0
2020-01-28,6.8,4.3,9.9,0,12,6,화,925,0,0,0,0,0
2020-01-29,6,3.2,9.6,0,17,8,수,757,0,0,0,0,0
2020-01-30,5.2,1.4,10.4,0,18,10,목,2013,0,0,0,0,0
2020-01-31,3.9,1.4,8.9,0,25,17,금,628,0,0,0,0,1
2020-02-01,2.6,-1.2,7.6,0,69,52,토,1251,0,0,0,0,1
2020-02-02,1.5,-2.1,5.3,0,70,54,일,1142,0,0,0,0,1
2020-02-03,-0.4,-2.9,3,0,25,16,월,521,0,0,0,0,0
2020-02-04,-1.6,-6,3.9,1.7,24,16,화,480,0,0,0,0,1
2020-02-05,-8.3,-11,-4.9,0,22,11,수,301,0,0,0,0,0
2020-02-06,-6.4,-11.8,0.4,0,38,20,목,343,0,0,0,0,0
2020-02-07,-1.7,-7.2,2.2,0,37,24,금,415,0,0,0,0,0
2020-02-08,-0.1,-2.3,3.7,0,40,29,토,1313,0,0,0,0,1
2020-02-09,-0.5,-5.6,4.1,0,36,25,일,1484,0,0,0,0,0
2020-02-10,4,-0.7,9.6,0,47,31,월,760,0,0,0,0,1
2020-02-11,6.8,-0.5,14.6,0,57,35,화,987,0,0,0,0,0
2020-02-12,7.4,6.5,8.2,6.7,48,34,수,278,0,0,0,0,1
2020-02-13,6.5,4.9,8.7,0,70,54,목,721,0,0,0,0,1
2020-02-14,8.1,3.2,14.7,0,80,61,금,1049,0,0,0,0,1
2020-02-15,9.8,6.2,15.6,2,63,49,토,3226,0,0,0,0,1
2020-02-16,-1.4,-4.3,7.7,13.4,24,18,일,665,0,0,0,0,1
2020-02-17,-5.9,-7.1,-3.9,1,31,18,월,378,0,0,0,0,1
2020-02-18,-4.1,-8.3,1.3,0,23,15,화,630,0,0,0,0,0
2020-02-19,1,-4.4,6.4,0,32,23,수,822,0,0,0,0,1
2020-02-20,4.6,-0.6,10.8,0,58,44,목,882,0,0,0,0,1
2020-02-21,6.7,2.1,10.9,4.2,60,46,금,565,0,0,0,0,1
2020-02-22,4,0,7.9,3.1,69,37,토,791,0,0,0,0,1
2020-02-23,2.5,-2.5,8,0,23,12,일,1714,0,0,0,0,0
2020-02-24,7,0.8,12.2,0,34,19,월,519,0,0,0,0,0
2020-02-25,6.7,4.7,9.4,16.6,21,13,화,77,0,0,0,0,1
2020-02-26,6.4,2.8,10.4,0,17,10,수,1275,0,0,0,0,0
2020-02-27,6.1,1.3,12.5,0,13,7,목,687,0,0,0,0,0
2020-02-28,4.5,3.6,5.9,3.9,26,18,금,1210,0,0,0,0,1
2020-02-29,7.7,4.5,13,0.5,24,17,토,1384,0,0,0,1,1
2020-03-01,5.8,3.2,10.1,0.2,45,34,일,1062,1,0,0,1,1
2020-03-02,3.4,0,7.6,0,38,29,월,566,1,0,0,1,1
2020-03-03,4.8,0.3,10.5,0,45,33,화,569,1,0,0,1,1
2020-03-04,2.2,-1.3,4.6,0,45,34,수,372,1,0,0,1,1
2020-03-05,1.4,-2.8,6.3,0,36,28,목,585,1,0,0,1,1
2020-03-06,3.7,-2.5,10.1,0,40,27,금,793,1,0,0,1,0
2020-03-07,7,1.3,14.2,0,55,39,토,2138,1,0,0,1,1
2020-03-08,9.3,2.3,16.9,0,59,45,일,4584,1,0,0,1,1
2020-03-09,11.1,4.8,17.6,0,59,43,월,920,1,0,0,1,1
2020-03-10,6.4,3.2,10.8,11.8,43,32,화,134,1,0,0,1,1
2020-03-11,3.8,0,8.3,0,34,13,수,1117,1,0,0,1,0
2020-03-12,6.8,0.2,13.3,0,34,14,목,1212,1,0,0,1,0
2020-03-13,4.9,-0.1,8.7,0.5,32,13,금,907,1,0,0,1,1
2020-03-14,3.6,-2.7,8.6,0,39,19,토,3569,1,0,0,1,1
2020-03-15,4,0.2,8.5,0,41,17,일,2683,1,0,0,1,1
2020-03-16,3.6,-2.1,9.1,0,24,12,월,869,1,0,0,1,0
2020-03-17,6.6,3.1,12.3,0,49,22,화,596,1,0,0,1,1
2020-03-18,10,2.7,17,0,60,35,수,1808,1,0,0,1,1
2020-03-19,9.1,5.8,12.1,0,61,26,목,178,1,0,0,1,1
2020-03-20,8.8,3.1,14,0,41,9,금,1569,1,0,0,1,0
2020-03-21,12.8,7.9,19.5,0,53,17,토,5907,1,0,0,1,1
2020-03-22,11,6.1,16.5,0,41,17,일,7744,1,0,0,2,1
2020-03-23,10.6,5.4,17,0,50,28,월,1814,1,0,0,2,0
2020-03-24,11.4,5.3,17.9,0,58,35,화,1988,1,0,0,2,1
2020-03-25,12.5,6.1,19.2,0,50,30,수,1998,1,0,0,2,0
2020-03-26,14.8,8.1,20.6,1.8,51,31,목,1218,1,0,0,2,1
2020-03-27,11.9,6.7,15.8,2,42,25,금,1462,1,0,0,2,1
2020-03-28,7.7,4.5,12.8,0,34,8,토,6187,1,0,0,2,0
2020-03-29,8.7,1.3,16.1,0,41,16,일,8822,1,0,0,2,0
2020-03-30,10.2,4.3,16.9,0,52,28,월,2259,1,0,0,2,1
2020-03-31,11.9,4.7,18.6,0,49,26,화,2794,1,0,0,2,0
2020-04-01,11.3,6,17.4,0,70,31,수,"2,319",1,0,0,2,1
2020-04-02,9.3,3.4,15.5,0,39,24,목,"3,075",1,0,0,2,0
2020-04-03,10,5.3,16.3,0,56,32,금,"3,217",1,0,0,2,1
2020-04-04,8.9,5,13.3,0,68,28,토,"7,813",1,0,0,2,1
2020-04-05,7.2,1.9,13.7,0,46,21,일,"7,693",1,0,0,2,0
2020-04-06,9.3,2.9,16.1,0,53,21,월,"2,561",1,0,0,2,0
2020-04-07,10.6,6,16.8,0,56,25,화,"2,433",1,0,0,2,1
2020-04-08,9.4,5.2,14.2,0,43,18,수,"2,634",1,0,0,2,0
2020-04-09,8.9,4.3,14.7,0,47,23,목,"2,197",1,0,0,2,0
2020-04-10,10.7,5.8,16.8,0,43,25,금,"2,567",1,0,0,2,0
2020-04-11,9.9,6.2,16,0,38,22,토,"6,481",1,0,0,2,1
2020-04-12,9.9,4.4,15.6,0,31,20,일,"5,717",1,0,0,2,1
2020-04-13,12.4,4.3,20.4,0,22,11,월,"2,404",1,0,0,2,0
2020-04-14,13,7.6,19.6,0,50,28,화,"3,468",1,0,0,2,0
2020-04-15,13.2,7.2,20.2,0,62,36,1,"7,392",1,0,0,2,1
2020-04-16,16,8.9,23.8,0,51,29,목,"2,648",1,0,0,2,0
2020-04-17,12.5,10.4,15.4,6.5,38,22,금,222,1,0,0,2,1
2020-04-18,13.5,8.5,19.6,0,26,13,토,"10,325",1,0,0,2,1
2020-04-19,12.3,9.5,15.5,10.3,25,16,일,"2,892",1,0,0,2,1
2020-04-20,10,7.6,13.1,0.1,14,8,월,719,1,0,0,2,1
2020-04-21,7.4,4.8,10.4,0,35,9,화,"1,039",1,0,0,2,0
2020-04-22,6,4.1,8.3,0,79,10,수,499,1,0,0,2,0
2020-04-23,7.9,2.9,12.8,0,43,13,목,"3,011",1,0,0,2,0
2020-04-24,9.9,4.1,14.3,0,39,13,금,"1,572",1,0,0,2,0
2020-04-25,13.1,9.9,17.1,0,58,23,토,"7,857",1,0,0,2,1
2020-04-26,12.3,6.8,19,0,30,14,일,"12,018",1,0,0,2,0
2020-04-27,12.9,8.7,18.3,0,33,17,월,"2,268",1,0,0,2,0
2020-04-28,13.9,7.8,19.9,0,36,19,화,"2,980",1,0,0,2,1
2020-04-29,14.9,9.3,21,0,44,25,수,"4,256",1,0,0,2,1
2020-04-30,17.1,9.3,23.4,0,35,19,1,"16,598",1,0,0,2,1