,날짜,평균기온,최저기온,최고기온,강수량,미세먼지,초미세먼지,주말공휴일,방문객수,봄,여름,가을,사회적거리두기,안개
0,2015-01-01,-7.7,-9.8,-4.3,0.0,66,13,1,1645,0,0,0,0,0
1,2015-01-02,-6.0,-9.0,-1.9,0.0,29,13,금,1329,0,0,0,0,0
2,2015-01-03,-2.7,-9.2,3.1,0.0,37,20,토,3388,0,0,0,0,0
3,2015-01-04,2.5,0.2,8.5,0.0,42,23,일,5327,0,0,0,0,1
4,2015-01-05,3.7,-1.1,7.9,0.4,76,40,월,1614,0,0,0,0,1
5,2015-01-06,-3.2,-7.6,4.0,3.0,39,16,화,1274,0,0,0,0,1
6,2015-01-07,-5.5,-8.9,-0.6,0.0,34,12,수,1010,0,0,0,0,0
7,2015-01-08,-5.1,-9.5,-0.2,0.0,44,20,목,1632,0,0,0,0,0
8,2015-01-09,-2.1,-6.8,3.5,0.0,49,27,금,1363,0,0,0,0,0
9,2015-01-10,-0.3,-5.6,4.8,0.0,37,20,토,4895,0,0,0,0,0
10,2015-01-11,-0.4,-4.3,2.5,0.0,44,22,일,4515,0,0,0,0,0
11,2015-01-12,-2.7,-7.3,3.7,0.0,43,23,월,1200,0,0,0,0,0
12,2015-01-13,0.2,-5.1,5.8,0.0,58,31,화,1664,0,0,0,0,0
13,2015-01-14,2.5,-0.3,6.1,0.0,72,38,수,1746,0,0,0,0,1
14,2015-01-15,2.8,-1.1,9.0,0.0,62,33,목,3868,0,0,0,0,1
15,2015-01-16,0.8,-2.5,3.4,0.3,82,45,금,917,0,0,0,0,1
16,2015-01-17,-4.1,-7.7,0.0,0.0,35,17,토,3341,0,0,0,0,1
17,2015-01-18,-1.3,-6.5,2.1,4.0,33,17,일,3649,0,0,0,0,1
18,2015-01-19,-0.1,-4.0,3.1,0.1,63,32,월,1219,0,0,0,0,1
19,2015-01-20,-0.9,-6.4,4.4,0.0,48,25,화,1646,0,0,0,0,0
20,2015-01-21,2.6,-1.2,6.5,0.0,60,32,수,1698,0,0,0,0,1
21,2015-01-22,3.1,0.8,7.1,0.0,46,25,목,1680,0,0,0,0,1
22,2015-01-23,1.2,-1.6,4.9,0.0,43,25,금,1692,0,0,0,0,1
23,2015-01-24,3.7,0.8,8.4,0.0,53,29,토,7493,0,0,0,0,1
24,2015-01-25,3.0,1.1,5.0,3.0,60,34,일,2864,0,0,0,0,1
25,2015-01-26,3.6,0.2,6.5,0.5,40,26,월,1402,0,0,0,0,1
26,2015-01-27,-3.6,-7.4,0.5,0.0,48,25,화,1508,0,0,0,0,1
27,2015-01-28,-4.1,-9.1,2.7,0.0,44,18,수,1263,0,0,0,0,0
28,2015-01-29,-1.1,-4.6,3.0,0.0,50,26,목,1261,0,0,0,0,0
29,2015-01-30,-3.3,-7.0,0.8,0.0,39,19,금,2953,0,0,0,0,1
30,2015-01-31,-4.5,-8.5,0.8,0.0,41,19,토,3256,0,0,0,0,0
31,2015-02-01,-3.0,-8.2,3.6,0.0,31,17,일,5028,0,0,0,0,0
32,2015-02-02,-0.6,-5.3,6.4,0.0,43,23,월,1671,0,0,0,0,0
33,2015-02-03,0.6,-3.5,7.2,0.0,61,33,화,1759,0,0,0,0,1
34,2015-02-04,0.4,-3.1,5.8,0.0,79,47,수,1588,0,0,0,0,1
35,2015-02-05,-0.1,-3.8,4.8,0.0,93,52,목,1995,0,0,0,0,1
36,2015-02-06,0.4,-4.3,6.5,0.0,53,29,금,1401,0,0,0,0,1
37,2015-02-07,1.2,-2.7,5.7,0.0,46,25,토,4933,0,0,0,0,1
38,2015-02-08,-9.8,-11.9,-2.8,0.0,101,15,일,1328,0,0,0,0,0
39,2015-02-09,-5.7,-13.0,-0.1,0.2,40,17,월,593,0,0,0,0,1
40,2015-02-10,1.7,-2.0,5.8,0.0,98,47,화,1136,0,0,0,0,1
41,2015-02-11,2.7,-0.8,8.0,0.0,88,45,수,1403,0,0,0,0,1
42,2015-02-12,-2.2,-4.7,1.6,0.0,35,13,목,1194,0,0,0,0,0
43,2015-02-13,-1.6,-6.4,4.0,0.0,31,16,금,1102,0,0,0,0,0
44,2015-02-14,2.0,-3.1,6.6,0.0,56,30,토,3983,0,0,0,0,1
45,2015-02-15,7.9,3.2,13.0,0.0,78,39,일,6625,0,0,0,0,1
46,2015-02-16,5.0,4.1,7.9,10.5,41,24,월,437,0,0,0,0,1
47,2015-02-17,1.9,0.5,4.1,0.5,65,36,화,952,0,0,0,0,1
48,2015-02-18,0.8,-1.5,3.3,0.0,62,42,1,2390,0,0,0,0,1
49,2015-02-19,2.2,-2.7,8.6,0.0,62,39,1,6572,0,0,0,0,1
50,2015-02-20,5.2,-1.3,11.4,0.0,51,33,1,15466,0,0,0,0,1
51,2015-02-21,5.7,4.8,6.7,8.0,24,16,토,1794,0,0,0,0,1
52,2015-02-22,3.5,-0.7,7.0,2.5,249,33,일,3656,0,0,0,0,1
53,2015-02-23,0.9,-2.4,5.9,0.0,569,66,월,1341,0,0,0,0,0
54,2015-02-24,2.1,-1.1,7.5,0.0,108,27,화,2596,0,0,0,0,0
55,2015-02-25,5.4,0.2,12.5,0.5,72,26,수,2900,0,0,0,0,0
56,2015-02-26,1.2,-3.5,4.7,0.5,34,17,목,2159,0,0,0,0,1
57,2015-02-27,-1.3,-5.6,4.8,0.0,31,17,금,1663,0,0,0,0,0
58,2015-02-28,2.7,-2.0,6.4,0.0,43,23,토,5427,0,0,0,0,0
59,2015-03-01,2.4,-0.2,5.9,0.0,99,28,일,4109,1,0,0,0,0
60,2015-03-02,3.9,-1.9,9.7,0.0,90,24,월,1971,1,0,0,0,0
61,2015-03-03,2.8,-1.3,6.7,5.5,52,24,화,788,1,0,0,0,1
62,2015-03-04,-2.1,-4.6,1.4,0.0,42,17,수,1158,1,0,0,0,0
63,2015-03-05,-0.3,-5.4,5.5,0.0,41,25,목,1237,1,0,0,0,0
64,2015-03-06,2.9,-3.2,10.4,0.0,46,27,금,2095,1,0,0,0,0
65,2015-03-07,4.2,-2.3,11.0,0.0,51,28,토,19698,1,0,0,0,0
66,2015-03-08,7.7,0.4,15.1,0.0,86,47,일,26998,1,0,0,0,1
67,2015-03-09,2.2,-5.4,8.2,0.0,71,33,월,1357,1,0,0,0,1
68,2015-03-10,-3.4,-6.9,1.0,0.0,32,11,화,686,1,0,0,0,0
69,2015-03-11,0.4,-5.1,7.5,0.0,40,17,수,1133,1,0,0,0,1
70,2015-03-12,2.1,-3.5,6.7,0.0,32,12,목,1663,1,0,0,0,0
71,2015-03-13,5.6,1.8,11.0,0.1,43,20,금,2198,1,0,0,0,1
72,2015-03-14,4.3,-1.2,11.6,0.0,38,19,토,24635,1,0,0,0,0
73,2015-03-15,5.5,0.0,12.5,0.0,43,24,일,30605,1,0,0,0,0
74,2015-03-16,9.8,1.3,18.6,0.0,92,43,월,3557,1,0,0,0,1
75,2015-03-17,10.7,6.9,16.1,0.0,130,65,화,2679,1,0,0,0,1
76,2015-03-18,10.7,8.4,14.4,1.5,76,40,수,873,1,0,0,0,1
77,2015-03-19,12.4,6.5,21.0,0.0,54,27,목,4034,1,0,0,0,0
78,2015-03-20,13.4,7.6,21.9,0.0,101,35,금,4331,1,0,0,0,1
79,2015-03-21,11.7,6.9,17.8,0.0,171,58,토,30195,1,0,0,0,0
80,2015-03-22,8.3,2.2,14.9,0.0,147,43,일,19734,1,0,0,0,0
81,2015-03-23,4.6,0.0,10.1,0.0,56,15,월,2158,1,0,0,0,0
82,2015-03-24,5.4,-0.9,12.4,0.0,43,18,화,2399,1,0,0,0,0
83,2015-03-25,6.5,0.1,14.2,0.0,42,21,수,3538,1,0,0,0,0
84,2015-03-26,7.9,1.6,14.8,0.0,46,22,목,3689,1,0,0,0,0
85,2015-03-27,9.1,3.2,16.2,0.0,53,26,금,4850,1,0,0,0,1
86,2015-03-28,9.7,2.5,17.0,0.0,45,22,토,33828,1,0,0,0,1
87,2015-03-29,10.5,7.0,16.5,0.0,71,31,일,20850,1,0,0,0,1
88,2015-03-30,13.2,5.9,20.8,0.0,151,46,월,4037,1,0,0,0,1
89,2015-03-31,12.9,10.0,14.9,2.5,109,51,화,4708,1,0,0,0,1
90,2015-04-01,12.9,10.0,17.6,2.5,23,15,수,4088,1,0,0,0,1
91,2015-04-02,14.8,8.5,21.8,28.0,22,12,목,3207,1,0,0,0,1
92,2015-04-03,10.6,6.9,15.1,3.5,33,19,금,4839,1,0,0,0,0
93,2015-04-04,13.5,8.9,18.5,0.0,14,8,토,29213,1,0,0,0,0
94,2015-04-05,10.5,10.1,12.2,0.5,17,10,일,8336,1,0,0,0,0
95,2015-04-06,10.3,6.9,15.4,0.0,60,21,월,4568,1,0,0,0,0
96,2015-04-07,8.4,5.5,12.2,0.0,40,16,화,3818,1,0,0,0,0
97,2015-04-08,8.3,3.5,13.7,0.0,29,15,수,6522,1,0,0,0,0
98,2015-04-09,9.6,3.8,16.3,0.0,49,25,목,8421,1,0,0,0,1
99,2015-04-10,11.6,4.6,19.2,0.0,55,27,금,14669,1,0,0,0,1
100,2015-04-11,13.5,6.7,20.7,0.0,68,33,토,50450,1,0,0,0,1
101,2015-04-12,14.9,9.1,20.4,0.0,48,26,일,49863,1,0,0,0,0
102,2015-04-13,12.0,7.4,17.6,6.5,26,14,월,6341,1,0,0,0,1
103,2015-04-14,6.9,5.8,8.0,10.5,19,14,화,1626,1,0,0,0,1
104,2015-04-15,11.1,5.6,17.0,1.0,44,27,수,9428,1,0,0,0,1
105,2015-04-16,9.9,6.9,14.8,7.0,78,29,목,4416,1,0,0,0,1
106,2015-04-17,10.5,4.8,16.1,0.0,69,16,금,13389,1,0,0,0,0
107,2015-04-18,15.2,5.2,23.7,0.0,57,18,토,40421,1,0,0,0,0
108,2015-04-19,14.5,11.2,17.3,12.0,29,14,일,2121,1,0,0,0,1
109,2015-04-20,12.2,10.3,16.8,5.5,14,8,월,3351,1,0,0,0,1
110,2015-04-21,14.0,7.7,20.9,0.0,43,21,화,12335,1,0,0,0,0
111,2015-04-22,14.2,9.3,20.7,0.0,71,33,수,8295,1,0,0,0,0
112,2015-04-23,14.5,8.0,20.1,0.0,63,32,목,11365,1,0,0,0,1
113,2015-04-24,15.7,10.4,22.8,0.0,72,31,금,15324,1,0,0,0,1
114,2015-04-25,15.9,9.2,23.0,0.0,59,20,토,36151,1,0,0,0,0
115,2015-04-26,17.3,9.9,24.4,0.0,58,27,일,37570,1,0,0,0,0
116,2015-04-27,18.5,12.7,24.9,0.0,63,31,월,6812,1,0,0,0,1
117,2015-04-28,20.3,12.3,26.9,0.0,48,24,화,17813,1,0,0,0,0
118,2015-04-29,17.0,15.8,18.4,3.5,42,26,수,3435,1,0,0,0,1
119,2015-04-30,21.2,15.1,28.3,0.0,31,18,목,13651,1,0,0,0,0
120,2015-05-01,21.0,15.9,27.2,0.0,42,24,금,39430,1,0,0,0,1
121,2015-05-02,20.7,15.8,26.0,0.5,37,23,토,40645,1,0,0,0,1
122,2015-05-03,18.3,17.1,19.6,3.5,25,17,일,8563,1,0,0,0,1
123,2015-05-04,16.1,12.5,20.1,0.0,49,15,월,33453,1,0,0,0,1
124,2015-05-05,14.2,8.3,19.9,0.0,38,12,1,64523,1,0,0,0,0
125,2015-05-06,15.4,9.8,22.0,0.0,45,15,수,8162,1,0,0,0,0
126,2015-05-07,16.5,10.6,24.0,0.0,42,17,목,9505,1,0,0,0,0
127,2015-05-08,16.7,11.7,22.7,0.0,54,27,금,12836,1,0,0,0,1
128,2015-05-09,17.6,12.6,24.0,0.0,40,20,토,21960,1,0,0,0,0
129,2015-05-10,19.1,13.5,25.9,0.0,40,18,일,25738,1,0,0,0,0
130,2015-05-11,18.4,14.4,24.1,14.0,41,19,월,4187,1,0,0,0,1
131,2015-05-12,13.3,10.3,17.5,9.5,38,16,화,6330,1,0,0,0,1
132,2015-05-13,17.4,11.8,21.4,0.0,66,22,수,12948,1,0,0,0,0
133,2015-05-14,20.4,15.3,26.6,0.0,57,27,목,15648,1,0,0,0,1
134,2015-05-15,19.1,16.3,23.7,0.0,97,47,금,20452,1,0,0,0,1
135,2015-05-16,18.0,11.6,25.2,0.0,50,24,토,27795,1,0,0,0,0
136,2015-05-17,18.6,11.7,25.2,0.0,53,30,일,29765,1,0,0,0,1
137,2015-05-18,17.7,13.7,22.2,0.0,42,21,월,5903,1,0,0,0,1
138,2015-05-19,14.8,13.0,16.2,1.0,49,29,화,6297,1,0,0,0,1
139,2015-05-20,16.3,10.6,21.9,0.0,40,17,수,8573,1,0,0,0,1
140,2015-05-21,18.7,12.6,26.0,0.0,42,21,목,11426,1,0,0,0,0
141,2015-05-22,20.0,13.7,27.2,0.0,51,26,금,19511,1,0,0,0,0
142,2015-05-23,20.6,13.6,28.3,0.0,42,21,토,31423,1,0,0,0,0
143,2015-05-24,21.0,14.0,28.5,0.0,31,16,일,48489,1,0,0,0,0
144,2015-05-25,20.8,14.4,28.7,0.0,41,23,1,43468,1,0,0,0,1
145,2015-05-26,21.5,14.1,30.3,0.0,39,21,화,8092,1,0,0,0,1
146,2015-05-27,23.2,14.4,31.5,0.0,36,20,수,9398,1,0,0,0,0
147,2015-05-28,24.3,16.7,32.2,0.0,41,21,목,11046,0,1,0,0,0
148,2015-05-29,23.8,18.5,29.8,0.0,47,25,금,42063,0,1,0,0,0
149,2015-05-30,19.8,17.0,23.2,0.4,38,23,토,13095,0,1,0,0,1
150,2015-05-31,22.1,15.3,30.4,0.0,42,25,일,26716,0,1,0,0,1
151,2015-06-01,21.7,15.8,28.5,0.0,37,21,월,7019,0,1,0,0,0
152,2015-06-02,23.1,18.1,29.8,0.0,36,21,화,12054,0,1,0,0,0
153,2015-06-03,23.3,17.1,29.4,0.0,42,14,수,4729,0,1,0,0,0
154,2015-06-04,24.2,17.1,31.5,0.0,39,17,목,2951,0,1,0,0,0
155,2015-06-05,19.1,17.5,22.0,1.0,31,17,금,1999,0,1,0,0,0
156,2015-06-06,22.4,16.4,28.9,0.0,31,17,토,9022,0,1,0,0,0
157,2015-06-07,23.4,18.7,31.5,0.0,31,18,일,7379,0,1,0,0,0
158,2015-06-08,22.4,18.2,27.8,0.0,37,22,월,2708,0,1,0,0,0
159,2015-06-09,22.2,18.8,28.1,0.0,43,26,화,3034,0,1,0,0,1
160,2015-06-10,25.3,17.6,34.9,0.0,48,27,수,3992,0,1,0,0,1
161,2015-06-11,24.6,20.7,30.2,7.5,40,24,목,2170,0,1,0,0,1
162,2015-06-12,23.6,19.4,29.9,0.5,44,25,금,3862,0,1,0,0,1
163,2015-06-13,24.7,20.1,30.9,0.5,73,34,토,6313,0,1,0,0,1
164,2015-06-14,22.8,17.8,27.7,15.5,30,18,일,6805,0,1,0,0,1
165,2015-06-15,24.2,19.6,30.6,0.0,37,23,월,2260,0,1,0,0,0
166,2015-06-16,25.0,20.0,30.9,0.0,47,28,화,2007,0,1,0,0,1
167,2015-06-17,23.4,20.2,30.8,9.5,44,28,수,2365,0,1,0,0,1
168,2015-06-18,24.8,19.6,31.3,3.0,27,17,목,2172,0,1,0,0,1
169,2015-06-19,24.5,20.0,29.9,0.0,23,14,금,2171,0,1,0,0,0
170,2015-06-20,19.6,17.0,22.6,44.5,38,24,토,2071,0,1,0,0,1
171,2015-06-21,22.4,15.6,29.6,0.0,22,13,일,10712,0,1,0,0,1
172,2015-06-22,24.0,19.4,29.1,0.0,30,19,월,2774,0,1,0,0,0
173,2015-06-23,24.7,19.7,31.0,0.0,34,22,화,2611,0,1,0,0,1
174,2015-06-24,25.7,21.1,30.6,0.0,40,26,수,2538,0,1,0,0,1
175,2015-06-25,24.8,21.0,29.1,2.0,39,26,목,2483,0,1,0,0,1
176,2015-06-26,21.0,18.0,25.3,12.5,11,8,금,1145,0,1,0,0,1
177,2015-06-27,25.2,19.2,31.1,0.0,12,8,토,10781,0,1,0,0,0
178,2015-06-28,25.4,21.0,31.1,0.0,23,13,일,9793,0,1,0,0,0
179,2015-06-29,25.7,21.2,30.6,0.0,23,15,월,2357,0,1,0,0,0
180,2015-06-30,24.4,21.9,29.2,2.5,31,19,화,1843,0,1,0,0,1
181,2015-07-01,23.7,21.0,27.9,0.5,34,19,수,2485,0,1,0,0,1
182,2015-07-02,23.7,20.4,29.3,0.0,50,31,목,2812,0,1,0,0,1
183,2015-07-03,23.3,19.2,28.3,0.0,38,22,금,3022,0,1,0,0,1
184,2015-07-04,24.1,18.2,29.9,0.0,30,18,토,11113,0,1,0,0,0
185,2015-07-05,24.2,20.1,29.6,0.0,33,20,일,10917,0,1,0,0,0
186,2015-07-06,25.3,20.2,32.5,0.0,29,17,월,2489,0,1,0,0,0
187,2015-07-07,25.6,21.4,29.7,0.0,33,20,화,2884,0,1,0,0,0
188,2015-07-08,23.4,20.7,26.3,0.5,9,5,수,1879,0,1,0,0,0
189,2015-07-09,26.5,22.1,31.8,0.0,11,6,목,2418,0,1,0,0,0
190,2015-07-10,29.2,23.6,34.3,0.0,20,12,금,2499,0,1,0,0,0
191,2015-07-11,30.4,25.7,36.0,0.0,26,17,토,6104,0,1,0,0,0
192,2015-07-12,24.8,24.0,28.0,29.0,9,6,일,1484,0,1,0,0,1
193,2015-07-13,23.1,21.4,24.9,10.0,31,21,월,584,0,1,0,0,1
194,2015-07-14,26.1,22.5,31.4,0.0,63,38,화,2772,0,1,0,0,1
195,2015-07-15,27.9,22.7,33.9,0.0,47,29,수,2251,0,1,0,0,1
196,2015-07-16,24.7,20.6,28.9,0.0,11,5,목,2963,0,1,0,0,0
197,2015-07-17,23.6,18.4,28.6,0.0,11,5,금,2888,0,1,0,0,0
198,2015-07-18,24.3,22.3,27.8,0.5,28,18,토,11270,0,1,0,0,1
199,2015-07-19,25.1,21.3,29.8,5.0,24,16,일,10166,0,1,0,0,1
200,2015-07-20,27.5,24.4,31.2,0.0,21,13,월,2440,0,1,0,0,0
201,2015-07-21,27.0,24.6,29.6,11.0,26,16,화,1768,0,1,0,0,1
202,2015-07-22,27.7,25.3,31.7,1.0,32,20,수,1879,0,1,0,0,1
203,2015-07-23,26.9,24.9,32.1,16.0,27,18,목,1616,0,1,0,0,1
204,2015-07-24,24.7,22.6,25.4,26.5,15,9,금,608,0,1,0,0,1
205,2015-07-25,25.0,24.4,26.4,80.0,19,11,토,3147,0,1,0,0,1
206,2015-07-26,26.0,23.5,30.0,40.5,17,10,일,8826,0,1,0,0,1
207,2015-07-27,26.2,24.4,30.0,1.5,26,16,월,3942,0,1,0,0,1
208,2015-07-28,27.7,24.6,31.2,0.0,34,23,화,4376,0,1,0,0,1
209,2015-07-29,26.7,24.8,28.8,4.0,38,27,수,2020,0,1,0,0,1
210,2015-07-30,28.6,25.5,33.1,0.0,69,47,목,4851,0,1,0,0,1
211,2015-07-31,27.9,26.2,32.4,0.0,57,40,금,4272,0,1,0,0,1
212,2015-08-01,28.2,26.0,31.6,0.0,47,32,토,8585,0,1,0,0,1
213,2015-08-02,26.5,24.1,29.2,16.5,30,21,일,7877,0,1,0,0,1
214,2015-08-03,27.9,25.6,31.5,0.0,27,17,월,6108,0,1,0,0,0
215,2015-08-04,27.5,25.4,30.8,0.0,25,16,화,5668,0,1,0,0,0
216,2015-08-05,28.6,25.9,32.7,0.1,31,21,수,4235,0,1,0,0,1
217,2015-08-06,29.3,24.5,34.4,0.0,33,22,목,2929,0,1,0,0,0
218,2015-08-07,28.9,26.0,34.4,11.0,38,26,금,3731,0,1,0,0,0
219,2015-08-08,26.6,24.3,33.0,7.5,32,21,토,6501,0,1,0,0,0
220,2015-08-09,26.7,23.3,31.0,0.0,20,12,일,6735,0,1,0,0,0
221,2015-08-10,27.0,23.9,32.0,0.0,29,18,월,2939,0,1,0,0,1
222,2015-08-11,26.8,24.5,30.6,0.0,57,37,화,3807,0,1,0,0,1
223,2015-08-12,27.3,22.1,32.9,0.0,51,32,수,3210,0,1,0,0,1
224,2015-08-13,26.5,23.9,31.1,0.0,38,23,목,3119,0,1,0,0,0
225,2015-08-14,26.9,22.7,32.5,0.0,38,24,1,9976,0,1,0,0,1
226,2015-08-15,27.1,23.1,30.8,0.1,65,44,토,14240,0,1,0,0,1
227,2015-08-16,25.8,20.7,31.2,29.0,65,45,일,8249,0,1,0,0,1
228,2015-08-17,26.6,19.8,32.9,0.0,25,17,월,3432,0,1,0,0,0
229,2015-08-18,27.9,24.1,32.2,0.0,21,13,화,3101,0,1,0,0,0
230,2015-08-19,26.8,24.2,29.7,0.0,35,21,수,3198,0,1,0,0,1
231,2015-08-20,25.4,24.2,28.1,0.4,35,22,목,2746,0,1,0,0,1
232,2015-08-21,25.2,23.0,29.3,2.5,30,19,금,2733,0,1,0,0,1
233,2015-08-22,25.5,23.4,29.6,0.0,37,24,토,12492,0,1,0,0,1
234,2015-08-23,26.3,20.9,31.7,0.0,38,24,일,12845,0,1,0,0,0
235,2015-08-24,26.3,23.3,30.3,0.0,28,18,월,2677,0,1,0,0,0
236,2015-08-25,21.7,19.2,24.5,5.5,7,4,화,838,0,1,0,0,0
237,2015-08-26,21.9,18.9,25.3,0.0,10,6,수,21211,0,1,0,0,0
238,2015-08-27,24.7,21.2,30.0,0.0,21,11,목,3632,0,1,0,0,0
239,2015-08-28,23.2,19.0,28.1,0.3,28,17,금,3756,0,1,0,0,0
240,2015-08-29,24.4,19.0,30.8,0.0,31,20,토,17979,0,1,0,0,1
241,2015-08-30,24.9,19.9,31.0,0.0,33,22,일,18031,0,1,0,0,0
242,2015-08-31,25.9,21.0,31.2,0.0,32,22,월,2813,0,1,0,0,1
243,2015-09-01,25.9,22.6,30.7,0.0,24,16,화,4479,0,1,0,0,0
244,2015-09-02,23.9,22.0,27.7,0.5,25,16,수,2204,0,1,0,0,1
245,2015-09-03,23.9,19.8,28.2,18.0,24,15,목,3182,0,1,0,0,1
246,2015-09-04,24.8,20.6,30.7,0.0,33,20,금,4613,0,1,0,0,1
247,2015-09-05,21.9,19.4,23.6,5.0,31,19,토,6965,0,1,0,0,1
248,2015-09-06,22.2,19.3,26.2,0.0,13,7,일,24287,0,1,0,0,0
249,2015-09-07,22.6,16.8,28.7,0.0,13,7,월,3906,0,1,0,0,0
250,2015-09-08,22.7,16.2,28.9,0.0,12,7,화,4161,0,1,0,0,0
251,2015-09-09,22.4,15.3,30.1,0.0,16,8,수,3880,0,1,0,0,0
252,2015-09-10,22.4,17.0,28.4,0.0,28,13,목,4300,0,1,0,0,1
253,2015-09-11,21.0,16.8,24.4,2.5,37,21,금,5033,0,1,0,0,1
254,2015-09-12,19.2,15.5,24.0,0.0,21,11,토,19054,0,1,0,0,0
255,2015-09-13,20.2,15.2,26.0,0.0,21,10,일,30453,0,1,0,0,0
256,2015-09-14,22.1,16.4,27.8,0.0,31,17,월,5641,0,1,0,0,0
257,2015-09-15,22.8,17.4,28.7,0.0,25,14,화,4043,0,1,0,0,0
258,2015-09-16,21.6,16.0,26.7,0.0,16,8,수,5744,0,1,0,0,0
259,2015-09-17,21.4,15.5,27.6,0.0,12,6,목,9099,0,1,0,0,0
260,2015-09-18,21.9,15.9,29.2,0.0,20,11,금,7586,0,1,0,0,0
261,2015-09-19,22.3,17.0,29.0,0.0,32,16,토,26975,0,1,0,0,0
262,2015-09-20,22.1,17.9,28.3,0.0,48,30,일,23842,0,1,0,0,1
263,2015-09-21,22.6,16.5,29.4,0.0,47,30,월,3565,0,1,0,0,1
264,2015-09-22,23.9,18.0,31.0,0.0,40,25,화,7086,0,1,0,0,0
265,2015-09-23,22.0,19.0,26.1,0.0,41,25,수,4314,0,1,0,0,0
266,2015-09-24,23.4,17.5,30.6,0.0,37,22,목,4560,0,1,0,0,0
267,2015-09-25,23.4,19.0,29.8,0.0,37,22,금,5704,0,1,0,0,1
268,2015-09-26,22.4,17.9,28.0,0.0,49,28,토,16847,0,1,0,0,1
269,2015-09-27,21.9,14.2,29.8,0.0,34,15,일,18146,0,1,0,0,0
270,2015-09-28,21.4,15.5,28.3,0.0,31,14,1,38505,0,0,1,0,0
271,2015-09-29,22.1,15.9,28.2,0.0,23,10,1,31812,0,0,1,0,0
272,2015-09-30,21.3,19.4,26.2,0.0,18,8,수,6033,0,0,1,0,0
273,2015-10-01,16.3,10.7,19.7,35.0,15,8,목,857,0,0,1,0,1
274,2015-10-02,16.5,8.6,21.5,0.0,29,10,금,8691,0,0,1,0,0
275,2015-10-03,19.2,13.3,24.5,0.0,42,17,토,30021,0,0,1,0,0
276,2015-10-04,16.6,11.2,22.4,0.0,28,12,일,23913,0,0,1,0,0
277,2015-10-05,18.0,11.0,25.6,0.0,28,14,월,4422,0,0,1,0,0
278,2015-10-06,18.7,12.1,26.3,0.0,31,16,화,6578,0,0,1,0,0
279,2015-10-07,19.6,14.1,25.7,0.0,46,23,수,7193,0,0,1,0,1
280,2015-10-08,20.1,15.7,26.4,0.0,52,27,목,13876,0,0,1,0,1
281,2015-10-09,16.2,12.8,20.5,0.0,33,11,1,41253,0,0,1,0,0
282,2015-10-10,12.8,10.4,17.2,3.5,22,11,토,10186,0,0,1,0,0
283,2015-10-11,10.8,8.1,14.4,3.5,16,9,일,6317,0,0,1,0,0
284,2015-10-12,12.3,8.2,17.9,0.0,18,10,월,4674,0,0,1,0,0
285,2015-10-13,15.0,7.8,21.3,0.0,31,16,화,9996,0,0,1,0,1
286,2015-10-14,17.1,10.9,24.5,0.0,48,26,수,8321,0,0,1,0,1
287,2015-10-15,17.9,12.1,26.1,0.0,59,36,목,8455,0,0,1,0,1
288,2015-10-16,17.5,13.2,24.2,0.0,70,43,금,14617,0,0,1,0,1
289,2015-10-17,18.7,12.4,26.6,0.0,59,34,토,28791,0,0,1,0,1
290,2015-10-18,17.9,12.4,24.2,0.0,76,48,일,27619,0,0,1,0,1
291,2015-10-19,18.1,13.6,23.9,0.0,98,62,월,6675,0,0,1,0,1
292,2015-10-20,18.8,15.4,25.1,0.0,97,57,화,8228,0,0,1,0,1
293,2015-10-21,17.9,13.9,22.7,0.0,117,70,수,7268,0,0,1,0,1
294,2015-10-22,17.5,14.5,23.1,0.0,81,48,목,6518,0,0,1,0,1
295,2015-10-23,17.5,15.2,21.4,0.0,52,29,금,10118,0,0,1,0,1
296,2015-10-24,16.9,13.2,22.0,10.5,35,21,토,21660,0,0,1,0,1
297,2015-10-25,16.3,12.1,22.8,0.0,29,16,일,35278,0,0,1,0,0
298,2015-10-26,15.0,12.0,18.7,2.0,31,16,월,5181,0,0,1,0,0
299,2015-10-27,12.1,7.7,15.9,26.5,36,13,화,3014,0,0,1,0,0
300,2015-10-28,9.9,5.6,15.8,0.0,31,13,수,7233,0,0,1,0,0
301,2015-10-29,8.4,3.2,14.7,0.5,23,12,목,5077,0,0,1,0,0
302,2015-10-30,5.4,1.7,10.4,0.0,28,10,금,5600,0,0,1,0,0
303,2015-10-31,5.7,1.1,12.3,0.0,32,16,토,14047,0,0,1,0,0
304,2015-11-01,7.0,1.3,12.6,0.0,41,24,일,14286,0,0,1,0,0
305,2015-11-02,10.8,6.1,15.2,0.0,52,29,월,8630,0,0,1,0,1
306,2015-11-03,11.8,6.6,18.7,0.0,71,42,화,9645,0,0,1,0,1
307,2015-11-04,12.2,5.8,19.8,0.0,86,55,수,5646,0,0,1,0,1
308,2015-11-05,13.2,8.6,19.2,0.0,81,52,목,5086,0,0,1,0,1
309,2015-11-06,13.5,9.6,19.2,4.5,48,32,금,5560,0,0,1,0,1
310,2015-11-07,10.5,9.3,11.7,24.5,10,8,토,1724,0,0,1,0,1
311,2015-11-08,11.1,10.3,11.8,10.5,5,3,일,1536,0,0,1,0,1
312,2015-11-09,10.8,9.8,12.1,3.5,13,8,월,1847,0,0,1,0,1
313,2015-11-10,10.0,7.7,13.5,0.0,46,31,화,3437,0,0,1,0,1
314,2015-11-11,11.6,6.6,17.7,0.0,42,26,수,4022,0,0,1,0,1
315,2015-11-12,14.5,10.2,21.0,0.0,16,10,목,5650,0,0,1,0,0
316,2015-11-13,11.5,10.5,13.1,22.5,13,8,금,1286,0,0,1,0,0
317,2015-11-14,12.8,11.0,14.2,3.5,12,8,토,7064,0,0,1,0,1
318,2015-11-15,13.4,10.6,17.2,0.0,19,12,일,20030,0,0,1,0,1
319,2015-11-16,12.2,10.7,14.0,5.5,28,17,월,2134,0,0,1,0,1
320,2015-11-17,13.9,11.0,19.3,0.0,20,12,화,3096,0,0,1,0,0
321,2015-11-18,10.4,8.4,12.6,5.5,10,6,수,1174,0,0,1,0,0
322,2015-11-19,8.9,6.7,10.8,0.0,14,8,목,2796,0,0,1,0,0
323,2015-11-20,9.8,7.1,14.4,0.0,38,22,금,2400,0,0,1,0,0
324,2015-11-21,9.2,5.0,15.4,0.0,51,33,토,13298,0,0,1,0,1
325,2015-11-22,10.2,5.9,15.7,3.5,31,20,일,12375,0,0,1,0,0
326,2015-11-23,8.5,6.5,11.0,6.5,8,5,월,973,0,0,1,0,0
327,2015-11-24,5.6,2.7,8.8,0.5,24,15,화,1697,0,0,1,0,0
328,2015-11-25,2.4,0.9,5.3,11.0,12,9,수,1245,0,0,1,0,1
329,2015-11-26,-2.7,-4.8,0.9,0.0,34,24,목,1354,0,0,1,0,0
330,2015-11-27,-2.8,-7.3,2.0,0.0,39,26,금,1372,0,0,1,0,0
331,2015-11-28,0.1,-2.7,2.6,0.1,44,28,토,2644,0,0,1,0,1
332,2015-11-29,2.5,1.0,3.9,3.0,39,29,일,1340,0,0,1,0,1
333,2015-11-30,4.1,0.9,8.5,0.0,43,29,월,1369,0,0,1,0,1
334,2015-12-01,4.0,-1.3,10.4,0.0,52,32,화,1728,0,0,1,0,0
335,2015-12-02,6.0,2.9,8.5,13.5,52,31,수,348,0,0,1,0,1
336,2015-12-03,-0.7,-3.2,3.3,7.1,20,12,목,523,0,0,0,0,0
337,2015-12-04,-0.4,-4.4,3.1,0.0,39,15,금,1315,0,0,0,0,0
338,2015-12-05,3.4,0.6,7.2,0.0,34,16,토,3736,0,0,0,0,0
339,2015-12-06,1.3,-2.0,7.8,0.0,34,19,일,4083,0,0,0,0,0
340,2015-12-07,1.9,-3.4,6.7,0.0,51,29,월,1192,0,0,0,0,0
341,2015-12-08,2.9,-1.4,9.6,0.0,63,36,화,1626,0,0,0,0,0
342,2015-12-09,5.0,-0.8,10.9,0.0,69,39,수,1392,0,0,0,0,1
343,2015-12-10,7.8,5.8,9.2,0.3,47,28,목,842,0,0,0,0,1
344,2015-12-11,6.4,3.3,12.2,0.0,33,21,금,1495,0,0,0,0,1
345,2015-12-12,5.2,1.1,11.0,0.0,31,16,토,5972,0,0,0,0,0
346,2015-12-13,5.2,0.9,12.2,0.0,42,25,일,8514,0,0,0,0,0
347,2015-12-14,5.0,2.6,6.4,2.5,47,29,월,915,0,0,0,0,1
348,2015-12-15,4.7,2.0,8.2,0.1,54,33,화,1117,0,0,0,0,1
349,2015-12-16,-1.0,-5.0,2.8,0.0,28,13,수,1029,0,0,0,0,0
350,2015-12-17,-4.6,-7.4,-0.4,0.0,20,11,목,821,0,0,0,0,0
351,2015-12-18,-3.3,-7.0,-1.0,0.0,42,23,금,694,0,0,0,0,0
352,2015-12-19,-0.1,-4.6,6.8,0.0,62,36,토,3008,0,0,0,0,1
353,2015-12-20,1.5,-3.4,6.0,0.0,56,35,일,3456,0,0,0,0,1
354,2015-12-21,2.2,-0.2,5.0,2.0,52,34,월,683,0,0,0,0,1
355,2015-12-22,3.1,-1.5,7.7,0.0,65,40,화,1494,0,0,0,0,1
356,2015-12-23,5.9,2.9,10.6,0.4,59,37,수,1078,0,0,0,0,1
357,2015-12-24,1.5,-1.6,5.3,0.0,98,61,목,1404,0,0,0,0,1
358,2015-12-25,-0.8,-4.9,3.7,0.0,29,16,1,4636,0,0,0,0,0
359,2015-12-26,0.9,-3.2,4.7,0.7,75,40,토,3547,0,0,0,0,1
360,2015-12-27,-5.7,-8.9,-1.0,0.0,29,16,일,2007,0,0,0,0,0
361,2015-12-28,-5.7,-9.5,-1.0,0.0,27,15,월,888,0,0,0,0,0
362,2015-12-29,-3.2,-8.7,2.9,0.0,57,32,화,1170,0,0,0,0,0
363,2015-12-30,0.3,-3.5,4.3,2.5,60,36,수,22176,0,0,0,0,1
364,2015-12-31,0.7,-1.9,2.8,0.0,64,43,목,1281,0,0,0,0,1
365,2016-01-01,1.2,-3.3,4.0,0.0,68,45,1,4382,0,0,0,0,1
366,2016-01-02,5.7,1.0,9.5,0.0,51,31,토,7265,0,0,0,0,1
367,2016-01-03,6.5,5.1,9.4,0.0,96,58,일,4557,0,0,0,0,1
368,2016-01-04,2.0,-2.5,5.3,0.0,74,47,월,1690,0,0,0,0,1
369,2016-01-05,-2.7,-4.8,1.5,0.0,32,16,화,1256,0,0,0,0,0
370,2016-01-06,-1.7,-4.9,1.7,0.0,56,29,수,1174,0,0,0,0,0
371,2016-01-07,-3.4,-5.9,1.4,0.0,39,20,목,1044,0,0,0,0,0
372,2016-01-08,-3.3,-6.9,1.0,0.0,34,18,금,926,0,0,0,0,0
373,2016-01-09,-2.1,-6.2,2.4,0.0,37,19,토,2640,0,0,0,0,0
374,2016-01-10,0.3,-2.7,3.8,0.0,32,19,일,3604,0,0,0,0,0
375,2016-01-11,-3.8,-6.5,0.9,0.0,40,21,월,996,0,0,0,0,0
376,2016-01-12,-5.2,-9.1,0.7,0.0,49,24,화,1642,0,0,0,0,0
377,2016-01-13,-4.5,-8.2,0.1,0.4,38,20,수,1007,0,0,0,0,0
378,2016-01-14,-3.4,-8.4,1.3,0.0,43,21,목,872,0,0,0,0,0
379,2016-01-15,-0.4,-4.3,5.3,0.0,51,29,금,1047,0,0,0,0,0
380,2016-01-16,-0.2,-2.1,2.8,0.1,69,43,토,2997,0,0,0,0,1
381,2016-01-17,1.7,-0.7,5.4,0.0,69,46,일,3448,0,0,0,0,1
382,2016-01-18,-6.3,-12.3,0.4,0.2,56,32,월,808,0,0,0,0,1
383,2016-01-19,-12.8,-15.1,-8.9,0.0,33,13,화,300,0,0,0,0,0
384,2016-01-20,-10.5,-14.5,-5.2,0.0,38,22,수,422,0,0,0,0,0
385,2016-01-21,-7.1,-10.2,-2.3,0.0,51,30,목,627,0,0,0,0,0
386,2016-01-22,-7.6,-11.1,-3.8,0.0,50,27,금,586,0,0,0,0,0
387,2016-01-23,-11.5,-16.0,-8.3,0.0,32,14,토,890,0,0,0,0,0
388,2016-01-24,-14.4,-18.0,-10.5,0.0,38,19,일,324,0,0,0,0,0
389,2016-01-25,-9.4,-14.3,-3.4,0.0,50,17,월,422,0,0,0,0,0
390,2016-01-26,-3.3,-8.5,1.7,0.3,78,37,화,758,0,0,0,0,1
391,2016-01-27,-1.1,-4.7,4.3,0.0,63,31,수,1218,0,0,0,0,0
392,2016-01-28,-0.5,-5.6,3.5,0.0,58,31,목,1146,0,0,0,0,0
393,2016-01-29,1.9,-1.4,5.4,0.0,50,26,금,1777,0,0,0,0,0
394,2016-01-30,0.6,-2.5,5.2,0.0,40,24,토,4128,0,0,0,0,0
395,2016-01-31,-3.9,-6.5,0.3,0.0,39,21,일,2584,0,0,0,0,0
396,2016-02-01,-6.0,-9.1,-1.0,0.0,40,18,월,3746,0,0,0,0,0
397,2016-02-02,-5.3,-10.0,0.9,0.0,45,22,화,2927,0,0,0,0,0
398,2016-02-03,-2.4,-8.3,4.0,0.0,56,30,수,1130,0,0,0,0,0
399,2016-02-04,-0.7,-4.0,3.9,0.0,55,30,목,1120,0,0,0,0,0
400,2016-02-05,-2.2,-6.8,3.4,0.0,45,21,금,840,0,0,0,0,0
401,2016-02-06,-3.1,-6.2,2.0,0.0,50,24,토,2058,0,0,0,0,0
402,2016-02-07,-2.9,-8.3,3.5,0.0,46,24,일,2128,0,0,0,0,0
403,2016-02-08,1.3,-4.3,5.5,0.0,73,41,1,3221,0,0,0,0,1
404,2016-02-09,0.3,-3.9,5.5,0.0,50,25,1,7060,0,0,0,0,1
405,2016-02-10,2.7,-4.3,10.7,0.0,40,22,1,9949,0,0,0,0,0
406,2016-02-11,8.1,1.6,13.5,0.1,46,25,목,3098,0,0,0,0,0
407,2016-02-12,8.4,6.8,10.0,18.0,33,21,금,357,0,0,0,0,1
408,2016-02-13,11.0,5.8,14.4,21.0,15,10,토,2742,0,0,0,0,1
409,2016-02-14,-2.6,-6.8,5.8,2.5,29,17,일,2042,0,0,0,0,1
410,2016-02-15,-5.8,-10.0,-2.3,0.0,33,11,월,696,0,0,0,0,0
411,2016-02-16,-2.7,-6.7,1.1,0.8,27,15,화,994,0,0,0,0,0
412,2016-02-17,0.0,-5.2,5.4,0.0,38,15,수,1429,0,0,0,0,0
413,2016-02-18,3.5,-1.4,7.8,0.0,44,22,목,1622,0,0,0,0,0
414,2016-02-19,2.3,0.1,4.4,0.0,82,41,금,1630,0,0,0,0,1
415,2016-02-20,1.3,-2.5,6.3,0.0,44,18,토,6626,0,0,0,0,0
416,2016-02-21,-0.6,-4.2,4.4,0.0,26,12,일,5102,0,0,0,0,0
417,2016-02-22,1.1,-2.2,4.2,0.0,43,18,월,1398,0,0,0,0,0
418,2016-02-23,0.7,-4.5,4.5,0.9,53,27,화,1726,0,0,0,0,1
419,2016-02-24,-3.0,-6.8,2.2,0.0,32,17,수,1333,0,0,0,0,0
420,2016-02-25,-0.2,-5.8,5.7,0.0,51,28,목,1538,0,0,0,0,1
421,2016-02-26,2.2,-3.2,7.5,0.0,49,28,금,2519,0,0,0,0,1
422,2016-02-27,3.3,0.5,8.1,0.2,65,40,토,6519,0,0,0,0,1
423,2016-02-28,0.7,-2.6,6.9,4.1,46,28,일,4970,0,0,0,0,1
424,2016-02-29,-3.8,-5.9,-1.1,0.0,54,28,월,1233,0,0,0,0,0
425,2016-03-01,-2.7,-7.5,2.1,0.0,31,17,1,4507,1,0,0,0,0
426,2016-03-02,3.1,-2.2,8.1,0.0,36,20,수,2146,1,0,0,0,0
427,2016-03-03,8.1,4.4,13.9,0.0,56,30,목,1783,1,0,0,0,1
428,2016-03-04,13.2,6.4,20.3,0.1,68,36,금,2783,1,0,0,0,1
429,2016-03-05,11.3,9.1,13.5,40.0,22,14,토,1405,1,0,0,0,1
430,2016-03-06,7.9,4.3,12.9,0.2,94,23,일,11564,1,0,0,0,1
431,2016-03-07,8.1,4.8,12.2,0.0,108,28,월,1480,1,0,0,0,0
432,2016-03-08,2.7,-1.4,7.0,0.0,71,20,화,11521,1,0,0,0,0
433,2016-03-09,0.3,-2.7,5.3,0.0,44,15,수,1255,1,0,0,0,0
434,2016-03-10,-1.1,-4.3,3.1,0.0,35,14,목,1184,1,0,0,0,0
435,2016-03-11,-0.5,-5.5,4.6,0.0,36,17,금,2305,1,0,0,0,0
436,2016-03-12,2.0,-3.3,6.4,0.0,43,19,토,7460,1,0,0,0,0
437,2016-03-13,3.7,1.9,6.5,0.1,61,35,일,6352,1,0,0,0,1
438,2016-03-14,4.7,1.3,9.6,0.0,64,42,월,2385,1,0,0,0,1
439,2016-03-15,5.2,-1.0,12.4,0.0,57,28,화,2541,1,0,0,0,0
440,2016-03-16,7.5,2.7,13.8,0.0,64,32,수,2697,1,0,0,0,0
441,2016-03-17,9.3,2.0,14.7,0.0,76,40,목,2529,1,0,0,0,0
442,2016-03-18,13.4,8.8,20.1,0.0,66,36,금,2836,1,0,0,0,0
443,2016-03-19,11.4,6.6,18.1,0.0,77,39,토,33131,1,0,0,0,1
444,2016-03-20,10.6,4.9,17.5,0.0,83,44,일,34360,1,0,0,0,1
445,2016-03-21,9.9,5.5,16.1,0.0,87,48,월,3537,1,0,0,0,1
446,2016-03-22,8.0,3.5,13.8,0.0,72,44,화,3338,1,0,0,0,1
447,2016-03-23,8.2,3.8,13.8,0.0,81,46,수,2787,1,0,0,0,1
448,2016-03-24,7.2,1.6,12.7,0.0,41,21,목,2438,1,0,0,0,0
449,2016-03-25,7.1,2.1,12.6,0.0,70,35,금,3291,1,0,0,0,0
450,2016-03-26,6.5,2.1,12.6,0.0,66,40,토,21748,1,0,0,0,1
451,2016-03-27,7.2,2.2,13.1,0.0,66,40,일,30489,1,0,0,0,1
452,2016-03-28,9.8,2.3,17.4,0.0,70,40,월,4136,1,0,0,0,1
453,2016-03-29,11.3,7.6,17.1,0.1,97,51,화,2248,1,0,0,0,1
454,2016-03-30,11.5,7.0,18.3,0.0,91,48,수,4857,1,0,0,0,1
455,2016-03-31,13.5,6.0,21.4,0.0,51,22,목,4758,1,0,0,0,0
456,2016-04-01,15.3,7.3,23.8,0.0,72,30,금,7537,1,0,0,0,0
457,2016-04-02,15.0,9.6,21.7,0.0,80,39,토,37787,1,0,0,0,1
458,2016-04-03,10.7,8.2,12.7,2.0,52,31,일,9952,1,0,0,0,1
459,2016-04-04,12.3,5.1,19.8,0.0,29,12,월,6813,1,0,0,0,0
460,2016-04-05,11.4,5.9,18.1,0.0,58,22,화,7452,1,0,0,0,0
461,2016-04-06,14.4,6.6,22.9,3.0,74,36,수,9032,1,0,0,0,0
462,2016-04-07,14.1,10.5,20.6,7.5,43,24,목,5013,1,0,0,0,0
463,2016-04-08,11.1,7.8,18.7,0.0,77,39,금,11370,1,0,0,0,1
464,2016-04-09,10.7,7.4,14.1,0.0,117,58,토,32879,1,0,0,0,1
465,2016-04-10,13.4,9.3,20.7,0.0,134,68,일,33139,1,0,0,0,1
466,2016-04-11,12.5,5.7,19.4,0.0,46,20,월,11313,1,0,0,0,0
467,2016-04-12,14.1,10.3,19.4,0.0,57,27,화,12028,1,0,0,0,0
468,2016-04-13,15.6,11.4,21.4,1.0,58,32,1,26405,1,0,0,0,1
469,2016-04-14,12.4,9.3,18.6,0.0,57,30,목,7079,1,0,0,0,1
470,2016-04-15,15.0,8.1,23.1,0.0,54,27,금,14228,1,0,0,0,0
471,2016-04-16,14.9,9.8,20.7,23.5,51,24,토,14154,1,0,0,0,0
472,2016-04-17,10.8,8.3,14.5,20.5,46,16,일,14205,1,0,0,0,0
473,2016-04-18,11.2,7.1,18.6,1.5,63,23,월,5862,1,0,0,0,1
474,2016-04-19,12.0,6.5,19.2,0.0,45,20,화,12051,1,0,0,0,0
475,2016-04-20,14.3,10.1,20.9,0.5,63,31,수,6493,1,0,0,0,1
476,2016-04-21,13.5,10.3,16.9,17.0,27,17,목,3489,1,0,0,0,1
477,2016-04-22,13.5,10.1,18.6,0.0,81,47,금,9794,1,0,0,0,1
478,2016-04-23,13.5,7.8,19.8,0.0,198,42,토,14361,1,0,0,0,1
479,2016-04-24,15.5,8.1,23.7,0.0,144,26,일,19642,1,0,0,0,0
480,2016-04-25,17.2,10.2,25.3,0.0,76,24,월,19979,1,0,0,0,0
481,2016-04-26,21.1,12.1,29.6,0.0,78,29,화,11099,1,0,0,0,0
482,2016-04-27,17.2,14.5,20.7,0.0,50,16,수,9335,1,0,0,0,0
483,2016-04-28,17.2,12.4,23.0,0.0,58,20,목,11151,1,0,0,0,0
484,2016-04-29,16.2,10.9,22.6,0.3,63,27,금,15084,1,0,0,0,0
485,2016-04-30,15.9,10.8,20.4,0.0,76,35,토,21736,1,0,0,0,1
486,2016-05-01,18.8,12.2,26.0,0.0,45,20,일,31290,1,0,0,0,0
487,2016-05-02,21.1,16.5,28.4,16.5,46,24,월,7756,1,0,0,0,0
488,2016-05-03,12.9,8.9,17.6,27.0,19,9,화,754,1,0,0,0,0
489,2016-05-04,15.7,10.2,20.6,0.0,49,12,수,11015,1,0,0,0,0
490,2016-05-05,18.9,10.2,26.9,7.5,54,21,1,58688,1,0,0,0,1
491,2016-05-06,16.3,13.0,18.6,9.5,46,22,1,8162,1,0,0,0,1
492,2016-05-07,16.5,10.7,22.6,0.0,112,22,토,26612,1,0,0,0,1
493,2016-05-08,19.4,11.6,26.8,0.0,52,16,일,19719,1,0,0,0,0
494,2016-05-09,20.2,16.3,25.4,0.0,59,21,월,6883,1,0,0,0,0
495,2016-05-10,14.5,12.5,18.1,13.5,31,14,화,2258,1,0,0,0,0
496,2016-05-11,16.4,10.4,23.5,0.0,29,13,수,7812,1,0,0,0,0
497,2016-05-12,17.8,12.1,24.0,0.0,29,15,목,17015,1,0,0,0,0
498,2016-05-13,18.6,12.7,25.4,0.5,39,21,금,17536,1,0,0,0,1
499,2016-05-14,20.2,15.1,26.9,0.0,34,18,토,33879,1,0,0,0,0
500,2016-05-15,17.4,12.3,24.2,45.0,33,19,일,14485,1,0,0,0,0
501,2016-05-16,15.9,10.8,21.9,2.5,35,17,월,5422,1,0,0,0,0
502,2016-05-17,19.3,10.9,26.6,0.0,67,37,화,8423,1,0,0,0,0
503,2016-05-18,22.3,13.5,29.5,0.0,51,28,수,7567,1,0,0,0,0
504,2016-05-19,24.3,16.3,31.9,0.0,39,20,목,10067,1,0,0,0,0
505,2016-05-20,24.0,16.8,31.6,0.0,52,30,금,23976,1,0,0,0,1
506,2016-05-21,24.1,17.8,30.4,0.0,38,25,토,24125,1,0,0,0,0
507,2016-05-22,24.7,17.6,31.7,0.0,55,38,일,19183,1,0,0,0,0
508,2016-05-23,23.3,18.3,29.4,0.0,68,45,월,5807,1,0,0,0,1
509,2016-05-24,16.8,15.4,21.8,38.5,33,23,화,4843,1,0,0,0,1
510,2016-05-25,19.7,15.3,24.4,0.0,90,61,수,8512,1,0,0,0,1
511,2016-05-26,19.4,17.5,22.9,0.0,106,71,목,11009,1,0,0,0,1
512,2016-05-27,20.9,14.8,27.1,0.0,91,54,금,13374,1,0,0,0,1
513,2016-05-28,21.7,17.2,28.0,0.0,77,39,토,30005,0,1,0,0,1
514,2016-05-29,21.5,17.2,27.6,0.0,82,42,일,30541,0,1,0,0,1
515,2016-05-30,22.1,16.9,28.9,0.0,92,54,월,6632,0,1,0,0,1
516,2016-05-31,21.6,17.4,27.6,0.0,78,46,화,8769,0,1,0,0,1
517,2016-06-01,23.3,17.1,29.9,0.0,41,22,수,7759,0,1,0,0,0
518,2016-06-02,23.2,17.2,29.1,0.0,36,18,목,11292,0,1,0,0,0
519,2016-06-03,22.2,17.6,27.7,0.0,46,25,금,12877,0,1,0,0,0
520,2016-06-04,21.2,18.2,26.3,0.0,52,28,토,33802,0,1,0,0,0
521,2016-06-05,24.7,17.3,32.2,0.0,50,28,일,41743,0,1,0,0,0
522,2016-06-06,23.3,20.8,28.4,0.0,22,13,1,39271,0,1,0,0,0
523,2016-06-07,21.7,19.6,25.9,0.1,42,26,화,7333,0,1,0,0,1
524,2016-06-08,22.1,18.2,27.7,0.0,38,24,수,6171,0,1,0,0,1
525,2016-06-09,24.1,17.8,31.3,0.0,53,31,목,5514,0,1,0,0,1
526,2016-06-10,24.6,20.2,31.3,0.0,60,36,금,8010,0,1,0,0,1
527,2016-06-11,23.5,20.9,26.5,3.0,48,31,토,15784,0,1,0,0,1
528,2016-06-12,23.5,19.9,26.7,1.5,30,20,일,14106,0,1,0,0,1
529,2016-06-13,23.5,19.4,29.6,0.0,63,36,월,3884,0,1,0,0,1
530,2016-06-14,23.8,19.7,29.5,0.0,51,31,화,3647,0,1,0,0,1
531,2016-06-15,20.9,17.4,24.5,15.5,36,23,수,846,0,1,0,0,1
532,2016-06-16,20.9,18.6,24.9,0.0,31,19,목,4572,0,1,0,0,1
533,2016-06-17,23.8,18.6,29.1,0.0,54,36,금,4479,0,1,0,0,1
534,2016-06-18,24.5,20.1,29.9,0.0,66,45,토,13938,0,1,0,0,1
535,2016-06-19,24.1,20.3,29.3,0.0,40,28,일,12939,0,1,0,0,1
536,2016-06-20,24.7,19.6,30.7,0.0,52,35,월,4391,0,1,0,0,1
537,2016-06-21,26.0,21.0,31.3,0.0,62,42,화,2767,0,1,0,0,1
538,2016-06-22,24.3,20.9,30.2,30.5,70,48,수,1610,0,1,0,0,1
539,2016-06-23,24.7,19.6,29.4,0.1,44,30,목,3664,0,1,0,0,1
540,2016-06-24,23.1,21.1,25.7,3.5,55,32,금,1505,0,1,0,0,1
541,2016-06-25,22.8,19.2,26.7,0.0,33,17,토,13799,0,1,0,0,0
542,2016-06-26,24.4,19.4,30.3,0.0,31,18,일,13252,0,1,0,0,0
543,2016-06-27,24.4,19.9,29.5,0.0,35,21,월,3038,0,1,0,0,0
544,2016-06-28,24.7,20.4,29.7,0.0,61,41,화,2618,0,1,0,0,1
545,2016-06-29,25.3,20.9,30.2,0.0,36,24,수,2438,0,1,0,0,0
546,2016-06-30,24.6,23.0,26.9,0.2,30,20,목,2357,0,1,0,0,1
547,2016-07-01,24.0,22.0,26.6,108.5,21,14,금,2712,0,1,0,0,1
548,2016-07-02,23.5,20.6,27.7,4.0,14,9,토,9126,0,1,0,0,1
549,2016-07-03,23.5,21.1,26.8,0.0,41,29,일,10843,0,1,0,0,1
550,2016-07-04,21.8,20.2,24.1,29.5,21,14,월,677,0,1,0,0,0
551,2016-07-05,23.1,20.2,24.8,100.5,13,8,화,255,0,1,0,0,1
552,2016-07-06,22.9,20.3,26.9,0.0,18,9,수,1843,0,1,0,0,0
553,2016-07-07,24.0,20.1,28.5,0.0,42,26,목,2035,0,1,0,0,1
554,2016-07-08,27.3,21.2,32.4,0.0,56,36,금,3098,0,1,0,0,1
555,2016-07-09,27.7,23.2,32.7,0.0,39,23,토,5459,0,1,0,0,0
556,2016-07-10,27.9,23.2,33.1,0.0,35,22,일,4688,0,1,0,0,0
557,2016-07-11,28.4,24.8,33.4,0.0,54,36,월,1587,0,1,0,0,1
558,2016-07-12,26.3,22.1,30.9,3.0,38,27,화,11688,0,1,0,0,1
559,2016-07-13,26.3,23.2,29.5,0.0,30,17,수,4057,0,1,0,0,0
560,2016-07-14,27.5,24.0,32.4,0.1,29,17,목,2097,0,1,0,0,1
561,2016-07-15,26.2,23.7,29.2,1.5,18,10,금,3112,0,1,0,0,0
562,2016-07-16,20.8,19.8,23.8,46.5,9,5,토,1002,0,1,0,0,0
563,2016-07-17,21.7,20.4,23.1,2.5,14,9,일,9518,0,1,0,0,1
564,2016-07-18,24.4,20.7,28.4,0.2,28,16,월,2853,0,1,0,0,0
565,2016-07-19,27.1,20.9,32.4,0.0,36,21,화,2267,0,1,0,0,0
566,2016-07-20,28.6,24.0,32.9,0.0,37,23,수,1708,0,1,0,0,0
567,2016-07-21,28.3,24.9,32.2,0.0,31,19,목,1839,0,1,0,0,0
568,2016-07-22,29.1,25.3,34.1,0.0,36,23,금,1400,0,1,0,0,0
569,2016-07-23,28.7,27.2,31.6,0.5,41,27,토,4251,0,1,0,0,1
570,2016-07-24,28.0,27.0,30.1,0.5,38,25,일,4628,0,1,0,0,1
571,2016-07-25,28.4,26.4,31.4,0.0,44,31,월,2032,0,1,0,0,1
572,2016-07-26,28.4,25.6,31.9,0.0,34,23,화,1860,0,1,0,0,0
573,2016-07-27,27.6,26.7,28.9,0.5,35,23,수,1462,0,1,0,0,1
574,2016-07-28,28.0,26.7,30.5,0.2,57,39,목,2383,0,1,0,0,1
575,2016-07-29,26.3,23.4,28.4,59.5,46,29,금,5240,0,1,0,0,1
576,2016-07-30,28.6,26.4,33.0,0.5,44,30,토,6092,0,1,0,0,1
577,2016-07-31,28.9,26.6,32.8,0.2,39,27,일,5155,0,1,0,0,1
578,2016-08-01,28.4,25.8,32.4,0.0,33,22,월,4450,0,1,0,0,1
579,2016-08-02,27.2,25.0,31.1,2.0,27,16,화,4359,0,1,0,0,0
580,2016-08-03,29.1,24.0,34.2,0.0,29,17,수,3018,0,1,0,0,0
581,2016-08-04,30.7,26.0,35.7,0.0,32,20,목,1683,0,1,0,0,0
582,2016-08-05,31.2,26.5,36.0,0.0,40,26,금,1766,0,1,0,0,1
583,2016-08-06,30.5,26.6,34.0,0.0,59,39,토,3029,0,1,0,0,1
584,2016-08-07,30.6,27.0,35.0,0.0,36,25,일,2586,0,1,0,0,0
585,2016-08-08,30.5,26.4,35.5,0.0,40,25,월,1118,0,1,0,0,1
586,2016-08-09,29.3,26.4,33.6,1.0,32,22,화,1188,0,1,0,0,1
587,2016-08-10,29.4,26.1,34.8,0.0,64,44,수,1198,0,1,0,0,1
588,2016-08-11,30.5,26.1,36.4,0.0,32,20,목,1106,0,1,0,0,0
589,2016-08-12,30.4,26.4,35.9,0.0,42,28,금,1222,0,1,0,0,1
590,2016-08-13,30.2,26.8,35.1,0.0,36,25,토,3177,0,1,0,0,1
591,2016-08-14,28.9,27.3,31.8,0.2,36,27,일,6159,0,1,0,0,1
592,2016-08-15,29.1,25.8,34.0,0.0,36,23,1,4256,0,1,0,0,1
593,2016-08-16,29.3,26.2,34.9,0.5,46,29,화,1428,0,1,0,0,0
594,2016-08-17,29.9,25.1,34.7,0.0,42,25,수,1454,0,1,0,0,0
595,2016-08-18,29.9,26.2,34.3,0.0,53,35,목,11359,0,1,0,0,1
596,2016-08-19,28.9,26.6,33.2,11.5,60,42,금,5345,0,1,0,0,1
597,2016-08-20,30.1,26.5,34.9,0.0,33,21,토,5468,0,1,0,0,0
598,2016-08-21,30.7,26.9,36.6,0.0,27,18,일,4429,0,1,0,0,0
599,2016-08-22,30.7,25.8,36.3,0.4,29,18,월,1088,0,1,0,0,0
600,2016-08-23,28.3,26.0,33.0,8.0,34,21,화,1146,0,1,0,0,1
601,2016-08-24,29.1,26.4,32.9,0.0,35,22,수,1336,0,1,0,0,1
602,2016-08-25,27.1,24.0,32.2,4.5,30,18,목,1289,0,1,0,0,1
603,2016-08-26,23.0,19.5,28.2,20.0,14,6,금,2575,0,1,0,0,1
604,2016-08-27,23.4,16.9,29.7,0.0,13,5,토,19035,0,1,0,0,0
605,2016-08-28,21.0,18.3,24.5,1.5,11,4,일,18218,0,1,0,0,0
606,2016-08-29,22.2,17.4,27.1,0.0,16,7,월,3636,0,1,0,0,0
607,2016-08-30,20.6,17.9,24.5,0.0,28,9,화,3382,0,1,0,0,0
608,2016-08-31,17.7,16.1,19.2,17.5,18,7,수,20690,0,1,0,0,1
609,2016-09-01,23.2,15.8,28.6,0.0,60,33,목,2725,0,1,0,0,1
610,2016-09-02,24.2,20.6,29.0,4.5,33,23,금,2884,0,1,0,0,1
611,2016-09-03,23.9,20.4,28.6,0.5,21,13,토,19980,0,1,0,0,1
612,2016-09-04,25.6,22.1,29.6,0.0,22,13,일,19815,0,1,0,0,1
613,2016-09-05,26.4,23.0,31.1,0.0,31,17,월,2784,0,1,0,0,0
614,2016-09-06,24.7,21.0,29.0,0.0,58,35,화,2806,0,1,0,0,1
615,2016-09-07,24.3,20.9,28.6,0.0,76,51,수,2568,0,1,0,0,1
616,2016-09-08,23.0,21.5,26.5,4.5,48,30,목,1717,0,1,0,0,1
617,2016-09-09,23.9,19.7,29.3,0.0,42,27,금,8865,0,1,0,0,1
618,2016-09-10,24.4,20.0,29.1,0.0,41,27,토,16066,0,1,0,0,1
619,2016-09-11,24.5,22.1,28.2,0.0,39,27,일,19518,0,1,0,0,1
620,2016-09-12,23.4,21.4,27.5,2.5,29,18,월,2976,0,1,0,0,1
621,2016-09-13,24.6,19.6,30.8,0.0,18,10,화,4363,0,1,0,0,0
622,2016-09-14,24.6,21.4,28.9,0.0,32,21,1,11712,0,1,0,0,1
623,2016-09-15,23.9,18.8,29.5,0.0,41,27,1,17941,0,1,0,0,1
624,2016-09-16,24.6,20.4,29.5,0.0,50,35,1,32719,0,1,0,0,1
625,2016-09-17,23.1,18.5,28.2,7.0,29,20,토,19920,0,1,0,0,1
626,2016-09-18,23.5,20.2,28.3,0.0,23,13,일,21560,0,1,0,0,0
627,2016-09-19,21.9,18.2,27.8,0.0,13,5,월,3360,0,1,0,0,0
628,2016-09-20,20.6,15.4,26.8,0.0,18,10,화,4447,0,1,0,0,0
629,2016-09-21,20.2,14.3,25.3,0.0,33,22,수,3825,0,1,0,0,0
630,2016-09-22,21.9,17.5,27.2,0.0,40,26,목,4565,0,1,0,0,0
631,2016-09-23,21.4,16.4,27.9,0.0,51,33,금,5709,0,1,0,0,1
632,2016-09-24,22.3,16.5,28.9,0.0,61,41,토,23547,0,1,0,0,1
633,2016-09-25,23.0,18.6,29.7,0.0,53,36,일,21160,0,1,0,0,1
634,2016-09-26,23.6,19.7,28.9,0.0,45,29,월,3713,0,1,0,0,0
635,2016-09-27,21.0,19.1,23.8,13.5,35,23,화,1483,0,1,0,0,1
636,2016-09-28,19.9,18.7,21.8,0.5,35,21,수,4026,0,0,1,0,1
637,2016-09-29,20.4,18.2,24.8,0.0,14,6,목,5586,0,0,1,0,0
638,2016-09-30,20.5,17.7,23.5,0.0,30,14,금,7872,0,0,1,0,1
639,2016-10-01,21.1,17.5,25.6,0.0,45,26,토,27694,0,0,1,0,1
640,2016-10-02,19.0,16.7,22.4,18.5,29,17,일,1857,0,0,1,0,1
641,2016-10-03,22.7,19.6,27.9,6.5,17,9,1,30759,0,0,1,0,0
642,2016-10-04,22.0,15.6,29.0,0.0,30,15,화,17225,0,0,1,0,0
643,2016-10-05,21.1,17.5,27.2,0.0,26,13,수,4904,0,0,1,0,0
644,2016-10-06,18.0,13.6,23.5,0.0,38,18,목,8778,0,0,1,0,0
645,2016-10-07,19.7,16.5,24.8,2.0,26,12,금,8665,0,0,1,0,1
646,2016-10-08,16.8,10.3,21.8,6.0,21,10,토,16488,0,0,1,0,1
647,2016-10-09,11.3,6.5,16.6,0.0,18,9,일,23046,0,0,1,0,0
648,2016-10-10,14.0,7.4,21.4,0.0,27,11,월,4613,0,0,1,0,0
649,2016-10-11,15.4,10.0,21.1,0.0,44,22,화,9394,0,0,1,0,1
650,2016-10-12,15.5,11.4,20.7,0.0,55,29,수,5885,0,0,1,0,1
651,2016-10-13,15.2,9.3,21.9,0.0,42,20,목,8678,0,0,1,0,0
652,2016-10-14,16.7,10.5,23.5,0.0,72,41,금,11883,0,0,1,0,1
653,2016-10-15,19.1,12.4,27.1,0.0,78,49,토,23584,0,0,1,0,1
654,2016-10-16,17.2,15.4,19.5,1.5,54,36,일,8506,0,0,1,0,1
655,2016-10-17,17.5,14.5,21.7,0.0,51,32,월,5074,0,0,1,0,1
656,2016-10-18,17.0,11.2,24.0,0.0,55,29,화,8224,0,0,1,0,1
657,2016-10-19,18.0,14.0,24.3,0.0,64,36,수,8681,0,0,1,0,1
658,2016-10-20,18.6,12.9,25.8,0.0,64,37,목,8095,0,0,1,0,1
659,2016-10-21,17.9,15.7,22.0,0.0,24,12,금,11299,0,0,1,0,0
660,2016-10-22,18.3,14.5,22.8,0.0,29,15,토,28301,0,0,1,0,0
661,2016-10-23,13.3,10.6,17.8,2.5,11,6,일,14427,0,0,1,0,0
662,2016-10-24,15.1,9.0,20.6,0.0,17,7,월,8377,0,0,1,0,0
663,2016-10-25,14.1,12.5,17.5,37.0,16,9,화,2591,0,0,1,0,1
664,2016-10-26,13.3,10.5,16.3,0.0,41,21,수,6884,0,0,1,0,1
665,2016-10-27,14.6,8.6,20.9,0.0,44,22,목,7301,0,0,1,0,1
666,2016-10-28,14.6,10.2,18.4,0.3,37,17,금,6538,0,0,1,0,0
667,2016-10-29,7.8,3.5,11.2,0.0,35,16,토,15346,0,0,1,0,0
668,2016-10-30,7.9,1.6,15.1,0.0,26,12,일,17706,0,0,1,0,0
669,2016-10-31,5.7,0.7,8.2,0.5,29,15,월,2096,0,0,1,0,0
670,2016-11-01,1.5,-2.4,6.6,0.0,23,10,화,2305,0,0,1,0,0
671,2016-11-02,4.1,-2.7,10.5,0.1,35,16,수,7520,0,0,1,0,0
672,2016-11-03,9.1,4.2,14.1,0.2,41,23,목,3254,0,0,1,0,1
673,2016-11-04,12.3,8.2,15.7,0.0,60,33,금,4834,0,0,1,0,1
674,2016-11-05,15.0,12.2,18.1,0.0,75,44,토,14380,0,0,1,0,1
675,2016-11-06,14.0,11.9,18.3,0.0,32,19,일,19529,0,0,1,0,1
676,2016-11-07,12.8,8.5,17.8,5.5,34,23,월,5735,0,0,1,0,1
677,2016-11-08,4.1,0.4,8.4,0.5,64,49,화,2570,0,0,1,0,1
678,2016-11-09,2.1,-3.2,8.6,0.0,41,27,수,2630,0,0,1,0,0
679,2016-11-10,6.0,1.5,9.8,0.4,41,26,목,1928,0,0,1,0,1
680,2016-11-11,9.1,6.2,14.2,4.0,50,22,금,3662,0,0,1,0,1
681,2016-11-12,11.4,5.1,16.7,0.0,75,31,토,13925,0,0,1,0,1
682,2016-11-13,14.4,12.1,18.1,0.5,62,30,일,13407,0,0,1,0,1
683,2016-11-14,13.2,10.2,15.8,1.5,53,29,월,1819,0,0,1,0,1
684,2016-11-15,5.2,2.5,10.2,0.0,58,20,화,2205,0,0,1,0,1
685,2016-11-16,5.2,0.0,12.0,0.0,54,27,수,2019,0,0,1,0,0
686,2016-11-17,9.1,4.0,16.5,0.0,74,39,목,3480,0,0,1,0,1
687,2016-11-18,10.3,4.9,14.6,0.0,94,54,금,2356,0,0,1,0,1
688,2016-11-19,13.0,9.9,18.6,0.0,56,34,토,9936,0,0,1,0,1
689,2016-11-20,9.8,6.4,15.3,0.0,44,24,일,24388,0,0,1,0,1
690,2016-11-21,9.5,5.1,14.6,0.0,62,29,월,2231,0,0,1,0,0
691,2016-11-22,2.0,-2.1,8.4,0.2,43,18,화,1433,0,0,1,0,0
692,2016-11-23,-1.8,-4.8,3.6,0.0,38,15,수,1021,0,0,1,0,0
693,2016-11-24,-2.5,-6.2,2.4,0.0,27,13,목,881,0,0,1,0,0
694,2016-11-25,1.0,-3.5,6.0,0.0,39,21,금,1817,0,0,1,0,0
695,2016-11-26,0.9,-0.7,2.7,2.8,54,36,토,2325,0,0,1,0,1
696,2016-11-27,3.3,0.5,6.6,0.0,71,48,일,3815,0,0,1,0,1
697,2016-11-28,1.4,-1.4,5.6,0.0,81,39,월,1180,0,0,1,0,1
698,2016-11-29,1.7,-2.8,8.6,0.0,40,23,화,1237,0,0,1,0,0
699,2016-11-30,6.0,0.7,9.8,1.0,46,27,수,978,0,0,1,0,1
700,2016-12-01,4.1,-1.0,7.0,0.0,50,26,목,1483,0,0,1,0,1
701,2016-12-02,1.6,-3.5,7.9,0.0,37,17,금,1224,0,0,1,0,0
702,2016-12-03,4.5,-0.7,11.3,0.0,54,30,토,5705,0,0,0,0,1
703,2016-12-04,5.5,2.0,9.5,0.0,81,53,일,4360,0,0,0,0,1
704,2016-12-05,5.9,0.5,10.3,1.5,85,56,월,952,0,0,0,0,1
705,2016-12-06,-1.1,-4.2,4.3,0.0,26,12,화,997,0,0,0,0,0
706,2016-12-07,1.7,-2.7,7.5,0.0,51,27,수,1314,0,0,0,0,1
707,2016-12-08,2.1,-3.0,6.1,3.0,56,34,목,1090,0,0,0,0,1
708,2016-12-09,1.4,-2.9,4.2,3.0,34,23,금,1245,0,0,0,0,1
709,2016-12-10,-1.6,-5.9,3.6,0.0,34,21,토,2386,0,0,0,0,0
710,2016-12-11,-1.1,-6.1,6.4,0.0,35,22,일,3222,0,0,0,0,0
711,2016-12-12,2.3,-3.0,6.3,0.0,46,29,월,1043,0,0,0,0,0
712,2016-12-13,3.4,-0.4,8.8,0.0,62,40,화,1312,0,0,0,0,1
713,2016-12-14,-1.4,-2.3,-0.1,0.1,53,30,수,930,0,0,0,0,1
714,2016-12-15,-5.0,-7.6,-1.5,0.0,35,17,목,698,0,0,0,0,0
715,2016-12-16,-4.7,-9.8,0.0,0.0,33,17,금,565,0,0,0,0,0
716,2016-12-17,2.7,-2.7,8.0,0.0,57,35,토,2403,0,0,0,0,1
717,2016-12-18,4.9,2.7,8.1,0.0,49,33,일,,0,0,0,0,1
718,2016-12-19,7.2,4.3,12.0,0.1,38,24,월,,0,0,0,0,1
719,2016-12-20,7.6,4.4,13.6,0.0,53,34,화,,0,0,0,0,1
720,2016-12-21,7.9,4.1,12.6,29.0,40,25,수,,0,0,0,0,1
721,2016-12-22,5.5,1.5,11.0,23.5,30,21,목,,0,0,0,0,1
722,2016-12-23,-2.5,-4.4,1.5,0.1,52,36,금,,0,0,0,0,1
723,2016-12-24,-2.4,-4.3,1.1,0.0,67,51,토,,0,0,0,0,1
724,2016-12-25,1.0,-4.5,6.4,0.0,56,42,일,,0,0,0,0,1
725,2016-12-26,2.5,1.3,4.4,0.0,50,33,월,,0,0,0,0,1
726,2016-12-27,-2.3,-6.3,1.3,0.5,41,27,화,,0,0,0,0,1
727,2016-12-28,-3.7,-8.4,2.6,0.0,44,25,수,,0,0,0,0,0
728,2016-12-29,-4.2,-7.2,-1.1,0.3,35,16,목,,0,0,0,0,0
729,2016-12-30,-3.9,-9.1,1.0,0.0,42,24,금,,0,0,0,0,0
730,2016-12-31,0.7,-3.6,5.7,0.0,58,40,토,,0,0,0,0,1
731,2017-01-01,2.7,-1.6,6.9,0.0,77,57,일,,0,0,0,0,1
732,2017-01-02,5.0,1.8,9.2,0.3,110,79,월,,0,0,0,0,1
733,2017-01-03,2.0,-2.3,7.7,0.0,79,52,화,,0,0,0,0,1
734,2017-01-04,3.9,1.0,8.9,0.0,55,35,수,,0,0,0,0,1
735,2017-01-05,3.8,-0.1,7.3,0.0,36,22,목,,0,0,0,0,0
736,2017-01-06,5.4,2.5,11.4,0.0,20,13,금,,0,0,0,0,0
737,2017-01-07,4.6,0.0,10.5,0.0,54,37,토,,0,0,0,0,1
738,2017-01-08,6.5,4.0,10.9,0.0,31,22,일,,0,0,0,0,1
739,2017-01-09,1.5,-3.1,4.3,0.0,59,46,월,,0,0,0,0,1
740,2017-01-10,-3.7,-7.4,1.1,0.0,31,16,화,,0,0,0,0,1
741,2017-01-11,-3.8,-9.4,1.5,0.0,24,12,수,,0,0,0,0,0
742,2017-01-12,-2.2,-6.1,1.0,0.0,30,16,목,,0,0,0,0,0
743,2017-01-13,-6.0,-8.6,-1.4,0.6,30,13,금,,0,0,0,0,0
744,2017-01-14,-8.4,-10.5,-5.4,0.0,44,12,토,,0,0,0,0,0
745,2017-01-15,-6.6,-11.5,-0.9,0.0,27,14,일,,0,0,0,0,0
746,2017-01-16,-3.8,-8.9,4.0,0.0,47,26,월,,0,0,0,0,0
747,2017-01-17,-2.0,-7.1,3.4,0.0,68,45,화,,0,0,0,0,1
748,2017-01-18,-0.5,-3.0,2.8,0.0,99,73,수,,0,0,0,0,1
749,2017-01-19,-1.2,-4.9,4.7,0.0,102,72,목,,0,0,0,0,1
750,2017-01-20,-4.4,-7.8,-1.4,4.0,57,40,금,,0,0,0,0,1
751,2017-01-21,-5.2,-10.0,-0.9,2.1,48,34,토,,0,0,0,0,1
752,2017-01-22,-8.3,-10.9,-3.3,0.0,75,27,일,,0,0,0,0,1
753,2017-01-23,-8.9,-12.6,-4.1,0.0,47,35,월,,0,0,0,0,1
754,2017-01-24,-7.0,-11.6,-1.3,0.0,39,28,화,,0,0,0,0,0
755,2017-01-25,-5.2,-10.2,0.9,0.0,49,36,수,,0,0,0,0,1
756,2017-01-26,-1.3,-7.9,3.4,0.3,64,48,목,,0,0,0,0,1
757,2017-01-27,-2.6,-5.7,3.1,3.0,107,20,1,,0,0,0,0,1
758,2017-01-28,-1.6,-8.2,4.3,0.0,32,12,토,,0,0,0,0,0
759,2017-01-29,0.8,-0.9,2.5,4.5,27,16,일,,0,0,0,0,1
760,2017-01-30,-4.8,-7.9,-0.9,0.1,48,34,1,,0,0,0,0,1
761,2017-01-31,-5.4,-9.9,0.2,0.0,29,18,화,,0,0,0,0,0
762,2017-02-01,-4.0,-7.5,0.7,0.0,35,21,수,,0,0,0,0,0
763,2017-02-02,-2.7,-9.2,3.3,0.0,32,17,목,,0,0,0,0,0
764,2017-02-03,1.5,-2.3,6.7,0.0,68,45,금,,0,0,0,0,1
765,2017-02-04,0.9,-2.9,3.2,0.0,96,70,토,,0,0,0,0,1
766,2017-02-05,1.2,-1.5,2.3,0.5,70,55,일,,0,0,0,0,1
767,2017-02-06,-1.7,-4.4,2.6,0.0,40,27,월,,0,0,0,0,1
768,2017-02-07,-2.0,-5.6,3.0,0.0,40,23,화,,0,0,0,0,0
769,2017-02-08,-2.2,-4.9,0.6,0.0,53,30,수,,0,0,0,0,0
770,2017-02-09,-5.3,-7.1,-2.1,0.0,50,18,목,,0,0,0,0,0
771,2017-02-10,-6.6,-9.3,-2.5,0.0,32,17,금,,0,0,0,0,0
772,2017-02-11,-4.8,-9.2,0.8,0.0,29,16,토,,0,0,0,0,0
773,2017-02-12,-2.2,-7.4,4.2,0.0,31,18,일,,0,0,0,0,0
774,2017-02-13,0.1,-5.4,6.1,0.0,43,28,월,,0,0,0,0,1
775,2017-02-14,0.3,-4.0,6.5,0.0,51,32,화,,0,0,0,0,1
776,2017-02-15,1.8,-3.9,8.0,0.0,60,41,수,,0,0,0,0,1
777,2017-02-16,5.5,-1.9,10.3,0.0,69,46,목,,0,0,0,0,1
778,2017-02-17,0.8,-5.2,9.0,4.0,46,17,금,,0,0,0,0,1
779,2017-02-18,-2.6,-7.0,2.9,0.0,31,17,토,,0,0,0,0,0
780,2017-02-19,2.3,-3.4,5.7,1.0,43,26,일,,0,0,0,0,1
781,2017-02-20,-1.5,-5.2,5.4,0.5,43,22,월,,0,0,0,0,1
782,2017-02-21,-0.6,-7.6,6.9,0.0,46,29,화,,0,0,0,0,0
783,2017-02-22,1.7,-0.9,2.9,5.1,40,28,수,,0,0,0,0,1
784,2017-02-23,-1.5,-4.2,2.1,0.0,34,21,목,,0,0,0,0,1
785,2017-02-24,-0.8,-5.8,4.4,0.0,28,17,금,,0,0,0,0,0
786,2017-02-25,2.6,-2.8,8.4,0.0,46,30,토,,0,0,0,0,1
787,2017-02-26,3.6,-1.5,10.1,0.0,47,32,일,,0,0,0,0,1
788,2017-02-27,3.7,-1.8,10.7,0.0,38,24,월,,0,0,0,0,0
789,2017-02-28,5.6,-1.3,12.3,0.0,42,26,화,,0,0,0,0,0
790,2017-03-01,5.0,2.0,11.4,5.0,57,41,1,,1,0,0,0,1
791,2017-03-02,1.8,-1.1,6.6,0.5,33,22,목,,1,0,0,0,1
792,2017-03-03,3.3,-3.1,10.4,0.0,43,22,금,,1,0,0,0,0
793,2017-03-04,5.7,0.1,12.7,0.0,51,32,토,,1,0,0,0,1
794,2017-03-05,5.2,1.2,10.4,0.5,67,48,일,,1,0,0,0,1
795,2017-03-06,0.1,-2.8,4.0,0.0,36,25,월,,1,0,0,0,1
796,2017-03-07,-1.3,-4.0,2.9,0.0,33,20,화,,1,0,0,0,0
797,2017-03-08,-0.1,-5.3,5.0,0.0,43,20,수,,1,0,0,0,0
798,2017-03-09,3.2,-2.7,10.7,0.0,46,21,목,,1,0,0,0,0
799,2017-03-10,4.8,-1.2,12.2,0.0,44,26,금,,1,0,0,0,0
800,2017-03-11,7.3,-0.2,16.7,0.0,62,40,토,,1,0,0,0,1
801,2017-03-12,8.2,4.4,14.0,0.0,89,64,일,,1,0,0,0,1
802,2017-03-13,6.9,1.5,12.2,0.0,61,42,월,,1,0,0,0,1
803,2017-03-14,5.8,1.0,10.9,0.0,49,29,화,,1,0,0,0,0
804,2017-03-15,6.3,0.4,13.3,0.0,41,24,수,,1,0,0,0,0
805,2017-03-16,6.2,1.0,13.4,0.0,63,43,목,,1,0,0,0,0
806,2017-03-17,7.7,1.2,15.7,0.0,74,54,금,,1,0,0,0,1
807,2017-03-18,9.5,5.9,16.1,0.0,72,50,토,,1,0,0,0,1
808,2017-03-19,10.9,3.2,18.9,0.0,74,54,일,,1,0,0,0,1
809,2017-03-20,10.2,6.0,15.5,0.0,97,68,월,,1,0,0,0,1
810,2017-03-21,7.4,4.3,12.6,0.0,99,67,화,,1,0,0,0,1
811,2017-03-22,7.6,1.9,14.1,0.0,51,31,수,,1,0,0,0,0
812,2017-03-23,9.1,5.1,15.0,0.0,72,42,목,,1,0,0,0,1
813,2017-03-24,8.7,3.9,15.2,0.0,59,35,금,,1,0,0,0,1
814,2017-03-25,8.1,5.0,12.6,0.0,64,42,토,,1,0,0,0,1
815,2017-03-26,7.3,4.8,11.6,0.0,60,43,일,,1,0,0,0,1
816,2017-03-27,6.1,4.4,10.9,0.4,73,54,월,,1,0,0,0,1
817,2017-03-28,7.1,2.5,12.7,0.0,81,57,화,,1,0,0,0,1
818,2017-03-29,8.8,4.7,14.4,0.0,55,39,수,,1,0,0,0,1
819,2017-03-30,10.6,4.1,17.1,0.0,66,42,목,2369,1,0,0,0,1
820,2017-03-31,8.6,4.9,12.4,1.5,49,33,금,1299,1,0,0,0,1
821,2017-04-01,9.0,4.8,15.1,1.0,23,16,토,17070,1,0,0,0,0
822,2017-04-02,9.0,3.1,15.8,0.0,46,33,일,32457,1,0,0,0,1
823,2017-04-03,11.4,4.3,19.2,0.0,77,53,월,3032,1,0,0,0,1
824,2017-04-04,14.1,6.7,21.8,0.0,73,46,화,3576,1,0,0,0,1
825,2017-04-05,12.0,10.8,14.2,37.5,48,30,수,1067,1,0,0,0,1
826,2017-04-06,10.4,9.4,12.4,3.0,26,18,목,1603,1,0,0,0,1
827,2017-04-07,14.5,9.0,23.5,0.0,42,28,금,6248,1,0,0,0,1
828,2017-04-08,13.0,8.6,19.9,0.5,62,41,토,40887,1,0,0,0,1
829,2017-04-09,14.8,10.6,20.5,0.5,40,26,일,39359,1,0,0,0,1
830,2017-04-10,16.5,10.1,23.3,0.0,27,16,월,7589,1,0,0,0,0
831,2017-04-11,15.3,11.5,20.2,0.0,56,23,화,7035,1,0,0,0,0
832,2017-04-12,11.5,8.8,16.4,0.0,64,12,수,7538,1,0,0,0,0
833,2017-04-13,12.7,6.3,19.6,0.0,69,26,목,7727,1,0,0,0,1
834,2017-04-14,13.0,10.1,17.7,6.0,56,22,금,3058,1,0,0,0,1
835,2017-04-15,16.8,10.9,24.3,0.0,66,31,토,31747,1,0,0,0,1
836,2017-04-16,18.7,12.9,24.4,0.0,60,31,일,37119,1,0,0,0,1
837,2017-04-17,14.7,11.2,18.0,5.5,47,25,월,2046,1,0,0,0,0
838,2017-04-18,11.7,9.4,17.4,7.5,41,21,화,2864,1,0,0,0,1
839,2017-04-19,12.6,7.0,18.4,0.0,84,17,수,17909,1,0,0,0,0
840,2017-04-20,12.9,9.9,18.2,0.1,83,22,목,3430,1,0,0,0,0
841,2017-04-21,13.1,7.6,19.3,0.0,68,24,금,7265,1,0,0,0,1
842,2017-04-22,14.8,8.5,22.5,0.0,62,25,토,30798,1,0,0,0,1
843,2017-04-23,14.9,8.9,21.7,0.0,49,23,일,40116,1,0,0,0,1
844,2017-04-24,15.1,8.3,21.3,0.0,42,19,월,6026,1,0,0,0,0
845,2017-04-25,16.0,12.9,20.4,0.0,59,30,화,5660,1,0,0,0,1
846,2017-04-26,15.1,10.5,20.2,0.0,44,16,수,7375,1,0,0,0,1
847,2017-04-27,13.6,7.9,19.8,0.0,45,14,목,7641,1,0,0,0,0
848,2017-04-28,14.4,8.9,21.5,0.0,64,24,금,9533,1,0,0,0,1
849,2017-04-29,17.1,9.6,23.7,0.0,63,27,토,21481,1,0,0,0,1
850,2017-04-30,19.3,13.7,27.8,0.0,91,49,일,26596,1,0,0,0,1
851,2017-05-01,20.1,12.8,28.3,0.0,92,48,월,23136,1,0,0,0,1
852,2017-05-02,20.7,15.2,28.0,0.0,99,48,화,13938,1,0,0,0,1
853,2017-05-03,21.5,14.5,30.2,0.0,70,32,1,30998,1,0,0,0,1
854,2017-05-04,21.0,14.8,27.5,0.0,64,31,목,25285,1,0,0,0,0
855,2017-05-05,20.9,15.5,27.0,0.0,56,24,1,46264,1,0,0,0,1
856,2017-05-06,14.9,10.0,19.3,0.0,194,20,토,9915,1,0,0,0,0
857,2017-05-07,16.6,10.9,22.8,0.0,92,16,일,7630,1,0,0,0,0
858,2017-05-08,17.9,11.1,23.5,0.0,173,36,월,3876,1,0,0,0,0
859,2017-05-09,17.1,15.3,22.6,2.5,125,31,1,3997,1,0,0,0,1
860,2017-05-10,16.4,14.2,20.8,2.5,43,20,수,4585,1,0,0,0,1
861,2017-05-11,19.3,13.1,24.8,0.0,71,33,목,5814,1,0,0,0,1
862,2017-05-12,19.1,16.8,21.1,0.0,74,42,금,18841,1,0,0,0,1
863,2017-05-13,16.4,12.4,22.6,6.0,50,26,토,7908,1,0,0,0,1
864,2017-05-14,15.7,11.0,20.7,0.0,59,14,일,31381,1,0,0,0,1
865,2017-05-15,16.0,12.3,20.1,0.0,44,11,월,6424,1,0,0,0,0
866,2017-05-16,17.1,13.3,22.3,0.0,35,15,화,6234,1,0,0,0,1
867,2017-05-17,18.6,12.3,25.9,0.0,39,18,수,6530,1,0,0,0,1
868,2017-05-18,20.4,13.9,26.9,0.0,48,26,목,8462,1,0,0,0,0
869,2017-05-19,21.1,15.1,27.9,0.0,47,25,금,12305,1,0,0,0,1
870,2017-05-20,20.9,15.4,27.3,0.0,38,21,토,22972,1,0,0,0,1
871,2017-05-21,21.5,16.0,27.6,0.0,32,19,일,24708,1,0,0,0,0
872,2017-05-22,21.8,15.9,28.0,0.0,43,26,월,4876,1,0,0,0,1
873,2017-05-23,20.0,17.2,24.4,5.0,35,22,화,5384,1,0,0,0,1
874,2017-05-24,21.8,16.9,27.8,0.1,26,15,수,6338,1,0,0,0,1
875,2017-05-25,19.2,14.4,24.4,0.0,38,14,목,7842,1,0,0,0,1
876,2017-05-26,17.7,12.4,23.2,0.0,24,8,금,12687,1,0,0,0,0
877,2017-05-27,19.5,13.7,26.4,0.0,33,14,토,33795,1,0,0,0,0
878,2017-05-28,21.2,14.4,27.9,0.0,45,22,일,39195,0,1,0,0,1
879,2017-05-29,22.9,18.1,29.3,0.0,69,36,월,7267,0,1,0,0,1
880,2017-05-30,23.6,18.6,30.3,0.0,49,23,화,8825,0,1,0,0,1
881,2017-05-31,23.3,17.7,29.6,0.0,38,20,수,6836,0,1,0,0,0
882,2017-06-01,23.3,20.0,27.0,0.0,38,18,목,9190,0,1,0,0,1
883,2017-06-02,20.5,15.5,25.6,0.0,29,10,금,10915,0,1,0,0,0
884,2017-06-03,20.5,16.1,26.5,0.0,31,11,토,33239,0,1,0,0,0
885,2017-06-04,21.7,15.1,28.1,0.0,29,11,일,36290,0,1,0,0,0
886,2017-06-05,24.2,16.4,30.3,0.0,26,13,월,18592,0,1,0,0,0
887,2017-06-06,19.4,14.5,23.9,15.5,21,10,1,22602,0,1,0,0,1
888,2017-06-07,17.6,15.1,19.2,12.5,16,10,수,1871,0,1,0,0,1
889,2017-06-08,20.1,15.1,25.9,0.0,44,28,목,23381,0,1,0,0,1
890,2017-06-09,21.2,17.9,25.7,0.1,60,38,금,15512,0,1,0,0,1
891,2017-06-10,21.5,16.7,27.5,4.5,49,23,토,21501,0,1,0,0,1
892,2017-06-11,22.8,14.8,29.6,0.0,29,9,일,23498,0,1,0,0,0
893,2017-06-12,22.1,17.0,28.0,0.0,31,12,월,3589,0,1,0,0,0
894,2017-06-13,21.5,18.3,25.9,0.0,36,17,화,3915,0,1,0,0,1
895,2017-06-14,21.8,17.8,26.8,0.0,44,21,수,4146,0,1,0,0,1
896,2017-06-15,23.1,18.0,29.6,0.0,52,26,목,6991,0,1,0,0,1
897,2017-06-16,25.5,20.0,32.7,0.0,68,38,금,3307,0,1,0,0,1
898,2017-06-17,24.2,20.6,29.9,0.0,52,30,토,10224,0,1,0,0,1
899,2017-06-18,24.3,18.6,31.8,0.0,45,26,일,8647,0,1,0,0,1
900,2017-06-19,24.8,19.5,30.2,0.0,53,32,월,2163,0,1,0,0,1
901,2017-06-20,26.0,20.0,32.7,0.0,53,30,화,2530,0,1,0,0,1
902,2017-06-21,25.4,21.7,31.6,0.0,58,34,수,2201,0,1,0,0,1
903,2017-06-22,25.3,21.2,30.4,0.0,38,23,목,12935,0,1,0,0,1
904,2017-06-23,26.7,21.3,34.1,0.0,44,23,금,2122,0,1,0,0,1
905,2017-06-24,24.5,21.5,27.8,3.5,42,23,토,6202,0,1,0,0,1
906,2017-06-25,23.8,21.0,28.4,1.5,36,22,일,6163,0,1,0,0,1
907,2017-06-26,23.1,20.1,29.9,29.0,27,17,월,1272,0,1,0,0,1
908,2017-06-27,25.2,20.8,30.5,0.0,30,19,화,2243,0,1,0,0,1
909,2017-06-28,26.0,22.5,30.5,0.0,48,32,수,2113,0,1,0,0,1
910,2017-06-29,26.2,21.9,31.5,0.0,51,35,목,2120,0,1,0,0,1
911,2017-06-30,25.9,22.2,30.9,0.0,54,37,금,2103,0,1,0,0,1
912,2017-07-01,25.3,22.4,30.7,0.5,43,30,토,7808,0,1,0,0,1
913,2017-07-02,24.3,21.9,26.8,92.0,26,17,일,1443,0,1,0,0,1
914,2017-07-03,24.7,21.9,27.4,67.5,23,15,월,807,0,1,0,0,1
915,2017-07-04,26.7,23.8,31.6,0.5,34,24,화,1715,0,1,0,0,1
916,2017-07-05,27.4,23.3,32.6,0.0,40,28,수,1349,0,1,0,0,1
917,2017-07-06,27.6,23.9,34.6,34.0,48,34,목,1251,0,1,0,0,1
918,2017-07-07,26.4,24.4,28.4,16.5,22,13,금,870,0,1,0,0,1
919,2017-07-08,26.0,24.6,27.6,4.5,26,17,토,1700,0,1,0,0,1
920,2017-07-09,26.3,23.8,30.3,32.5,26,18,일,3440,0,1,0,0,1
921,2017-07-10,24.0,22.6,25.4,144.5,14,9,월,338,0,1,0,0,1
922,2017-07-11,26.0,22.2,30.9,1.0,39,26,화,1480,0,1,0,0,1
923,2017-07-12,27.1,24.9,31.1,0.0,47,32,수,1597,0,1,0,0,1
924,2017-07-13,27.6,23.1,32.1,0.0,50,35,목,1176,0,1,0,0,1
925,2017-07-14,28.7,26.1,33.0,0.0,48,34,금,1349,0,1,0,0,1
926,2017-07-15,25.0,23.4,27.3,42.5,20,14,토,1935,0,1,0,0,1
927,2017-07-16,26.2,23.4,28.8,22.5,17,12,일,4589,0,1,0,0,1
928,2017-07-17,26.8,24.0,29.0,7.5,23,14,월,1188,0,1,0,0,1
929,2017-07-18,26.5,23.9,30.7,2.5,26,17,화,1458,0,1,0,0,1
930,2017-07-19,28.3,24.5,34.1,0.0,38,26,수,1180,0,1,0,0,1
931,2017-07-20,29.9,26.0,34.9,0.0,52,38,목,931,0,1,0,0,1
932,2017-07-21,29.8,27.3,32.4,0.0,59,45,금,1076,0,1,0,0,1
933,2017-07-22,29.3,27.5,32.5,0.5,57,42,토,2501,0,1,0,0,1
934,2017-07-23,27.0,26.1,28.1,133.5,49,35,일,696,0,1,0,0,1
935,2017-07-24,26.2,25.6,27.3,3.0,34,22,월,696,0,1,0,0,1
936,2017-07-25,29.4,24.6,35.4,0.0,27,15,화,1318,0,1,0,0,1
937,2017-07-26,28.7,24.2,32.8,0.0,18,10,수,1267,0,1,0,0,0
938,2017-07-27,27.1,24.9,29.7,3.5,28,17,목,10889,0,1,0,0,1
939,2017-07-28,25.5,24.8,26.9,8.5,30,19,금,772,0,1,0,0,1
940,2017-07-29,27.2,25.0,30.1,0.0,16,8,토,5834,0,1,0,0,0
941,2017-07-30,27.9,24.7,32.6,0.0,22,15,일,5761,0,1,0,0,1
942,2017-07-31,25.7,24.8,27.1,3.5,22,13,월,1771,0,1,0,0,1
943,2017-08-01,28.6,24.1,33.0,2.0,22,12,화,3932,0,1,0,0,1
944,2017-08-02,30.0,26.6,33.0,0.0,36,23,수,1976,0,1,0,0,1
945,2017-08-03,30.2,27.2,33.9,0.0,24,14,목,1923,0,1,0,0,0
946,2017-08-04,30.3,25.9,35.3,0.0,27,18,금,2164,0,1,0,0,0
947,2017-08-05,31.4,27.6,34.8,0.0,31,21,토,2745,0,1,0,0,0
948,2017-08-06,29.8,28.2,34.0,5.0,25,18,일,2350,0,1,0,0,1
949,2017-08-07,29.2,26.4,34.4,0.0,33,22,월,1236,0,1,0,0,1
950,2017-08-08,28.2,25.5,31.0,0.0,42,28,화,1504,0,1,0,0,1
951,2017-08-09,27.6,24.6,32.0,2.5,33,23,수,1601,0,1,0,0,1
952,2017-08-10,24.8,23.9,26.3,5.5,8,5,목,943,0,1,0,0,1
953,2017-08-11,27.0,23.9,32.4,0.5,11,6,금,1903,0,1,0,0,0
954,2017-08-12,27.8,23.2,32.6,0.0,11,6,토,6396,0,1,0,0,0
955,2017-08-13,26.3,24.2,28.4,0.0,10,6,일,10371,0,1,0,0,0
956,2017-08-14,24.6,23.1,27.1,1.5,9,4,월,1847,0,1,0,0,0
957,2017-08-15,21.9,20.8,24.0,93.5,7,4,1,831,0,1,0,0,1
958,2017-08-16,23.3,20.5,26.8,2.0,7,4,수,2011,0,1,0,0,0
959,2017-08-17,24.8,21.2,27.7,0.5,12,6,목,1883,0,1,0,0,1
960,2017-08-18,26.3,23.9,30.6,0.0,26,17,금,2773,0,1,0,0,1
961,2017-08-19,26.1,23.1,28.7,0.0,25,15,토,10675,0,1,0,0,1
962,2017-08-20,23.2,22.0,25.8,124.5,11,7,일,1453,0,1,0,0,1
963,2017-08-21,25.8,23.7,29.2,5.0,14,8,월,4392,0,1,0,0,0
964,2017-08-22,27.3,23.4,31.5,0.0,17,10,화,2413,0,1,0,0,1
965,2017-08-23,27.2,24.6,30.2,31.5,20,10,수,724,0,1,0,0,1
966,2017-08-24,26.5,23.9,28.1,14.0,21,9,목,572,0,1,0,0,1
967,2017-08-25,25.3,22.2,30.6,0.0,26,13,금,2284,0,1,0,0,1
968,2017-08-26,24.2,19.0,29.2,0.0,25,11,토,14474,0,1,0,0,0
969,2017-08-27,22.7,19.0,26.7,0.0,23,13,일,16798,0,1,0,0,0
970,2017-08-28,21.5,18.3,26.5,9.0,29,17,월,1469,0,1,0,0,1
971,2017-08-29,19.5,17.0,24.0,0.0,18,8,화,3436,0,1,0,0,1
972,2017-08-30,19.8,16.1,23.9,0.0,25,10,수,2860,0,1,0,0,0
973,2017-08-31,22.2,16.6,27.6,0.0,35,20,목,3217,0,1,0,0,1
974,2017-09-01,23.3,17.1,29.7,0.0,23,12,금,3429,0,1,0,0,0
975,2017-09-02,23.8,18.6,29.6,0.0,26,15,토,23313,0,1,0,0,0
976,2017-09-03,23.7,19.0,29.2,0.0,31,20,일,23991,0,1,0,0,1
977,2017-09-04,24.6,19.7,30.1,0.0,27,18,월,2911,0,1,0,0,1
978,2017-09-05,21.9,20.4,23.7,0.0,24,13,화,2184,0,1,0,0,0
979,2017-09-06,20.6,18.5,24.0,2.0,27,17,수,1803,0,1,0,0,1
980,2017-09-07,22.4,17.8,27.5,0.0,35,25,목,4453,0,1,0,0,1
981,2017-09-08,24.3,20.4,29.9,0.0,49,33,금,4176,0,1,0,0,1
982,2017-09-09,23.8,19.2,28.2,0.0,58,40,토,17303,0,1,0,0,1
983,2017-09-10,23.0,19.9,26.1,0.5,50,36,일,16529,0,1,0,0,1
984,2017-09-11,21.2,18.6,24.6,24.0,22,16,월,10956,0,1,0,0,1
985,2017-09-12,22.1,17.7,27.9,0.0,25,13,화,3800,0,1,0,0,1
986,2017-09-13,21.4,15.9,27.5,0.0,23,10,수,3875,0,1,0,0,0
987,2017-09-14,22.4,14.8,29.5,0.0,27,12,목,3009,0,1,0,0,0
988,2017-09-15,22.6,17.8,27.9,0.0,15,8,금,5715,0,1,0,0,0
989,2017-09-16,22.0,16.7,27.6,0.0,10,5,토,20881,0,1,0,0,0
990,2017-09-17,23.1,19.0,29.2,0.0,9,5,일,21699,0,1,0,0,0
991,2017-09-18,21.9,16.4,27.6,0.0,19,10,월,4196,0,1,0,0,0
992,2017-09-19,22.6,20.1,25.8,8.0,62,40,화,2313,0,1,0,0,1
993,2017-09-20,19.5,14.1,24.9,0.0,24,10,수,6149,0,1,0,0,1
994,2017-09-21,20.3,14.2,27.0,0.0,28,15,목,4800,0,1,0,0,0
995,2017-09-22,20.6,15.4,26.8,0.0,31,19,금,7283,0,1,0,0,1
996,2017-09-23,21.8,17.6,27.3,0.0,52,25,토,17515,0,1,0,0,1
997,2017-09-24,22.4,18.8,27.9,0.0,62,37,일,14520,0,1,0,0,1
998,2017-09-25,23.4,17.4,30.1,0.0,44,26,월,2522,0,1,0,0,1
999,2017-09-26,25.1,19.4,31.4,0.0,45,26,화,3580,0,1,0,0,1
1000,2017-09-27,22.7,19.9,27.3,0.5,40,23,수,2494,0,1,0,0,1
1001,2017-09-28,19.2,14.2,25.3,0.0,23,8,목,4031,0,1,0,0,0
1002,2017-09-29,17.4,11.2,23.5,0.0,21,9,금,6538,0,0,1,0,0
1003,2017-09-30,20.0,14.7,25.9,0.0,34,18,토,12712,0,0,1,0,1
1004,2017-10-01,18.2,15.5,21.2,4.0,32,20,일,6413,0,0,1,0,1
1005,2017-10-02,22.0,15.6,29.4,1.5,19,10,1,21387,0,0,1,0,1
1006,2017-10-03,17.6,13.4,23.6,0.0,35,11,1,16489,0,0,1,0,0
1007,2017-10-04,16.7,10.7,24.3,0.0,21,9,1,19220,0,0,1,0,0
1008,2017-10-05,18.7,13.9,23.4,0.0,14,7,1,32576,0,0,1,0,0
1009,2017-10-06,18.9,16.2,23.3,0.5,11,7,1,20948,0,0,1,0,1
1010,2017-10-07,21.9,16.9,28.8,0.0,9,6,토,32091,0,0,1,0,0
1011,2017-10-08,23.0,19.3,28.7,0.0,18,13,일,29251,0,0,1,0,0
1012,2017-10-09,22.5,19.8,27.6,0.0,25,17,1,21174,0,0,1,0,1
1013,2017-10-10,21.4,18.6,24.8,0.4,28,18,화,2304,0,0,1,0,1
1014,2017-10-11,15.5,12.2,21.7,20.0,11,7,수,2107,0,0,1,0,1
1015,2017-10-12,11.4,8.8,,0.0,21,11,목,3902,0,0,1,0,0
1016,2017-10-13,12.8,6.1,18.9,0.0,27,15,금,6403,0,0,1,0,0
1017,2017-10-14,14.4,9.0,20.5,0.0,22,12,토,16985,0,0,1,0,0
1018,2017-10-15,15.8,9.0,23.0,0.0,21,11,일,19657,0,0,1,0,0
1019,2017-10-16,16.6,13.6,22.0,0.0,30,16,월,6706,0,0,1,0,0
1020,2017-10-17,16.2,9.2,23.9,0.0,38,20,화,14032,0,0,1,0,0
1021,2017-10-18,16.5,14.2,19.1,0.1,24,13,수,5007,0,0,1,0,0
1022,2017-10-19,17.0,11.9,23.2,0.0,18,10,목,5915,0,0,1,0,0
1023,2017-10-20,17.0,11.1,24.2,0.0,31,16,금,10375,0,0,1,0,0
1024,2017-10-21,17.6,11.0,25.2,0.0,38,21,토,22658,0,0,1,0,1
1025,2017-10-22,16.3,11.0,23.5,0.0,25,13,일,25073,0,0,1,0,0
1026,2017-10-23,13.7,8.6,20.6,0.0,24,10,월,4545,0,0,1,0,0
1027,2017-10-24,14.4,9.9,20.9,0.0,31,15,화,19454,0,0,1,0,0
1028,2017-10-25,14.4,9.5,20.6,0.0,41,22,수,4625,0,0,1,0,1
1029,2017-10-26,14.5,10.7,18.1,0.0,51,28,목,5123,0,0,1,0,1
1030,2017-10-27,16.9,11.9,24.2,0.0,58,34,금,8431,0,0,1,0,1
1031,2017-10-28,17.2,10.6,24.8,0.0,45,27,토,26879,0,0,1,0,0
1032,2017-10-29,11.5,6.3,17.2,0.0,65,22,일,19514,0,0,1,0,1
1033,2017-10-30,7.7,2.5,13.2,0.0,35,13,월,3338,0,0,1,0,0
1034,2017-10-31,10.4,3.6,16.0,0.0,33,14,화,5768,0,0,1,0,0
1035,2017-11-01,14.4,11.5,18.1,0.0,38,20,수,3363,0,0,1,0,1
1036,2017-11-02,15.5,14.0,18.0,1.0,46,26,목,2669,0,0,1,0,1
1037,2017-11-03,12.3,6.1,16.6,1.5,38,26,금,3156,0,0,1,0,1
1038,2017-11-04,7.8,4.5,13.7,0.0,53,40,토,12087,0,0,1,0,1
1039,2017-11-05,8.4,2.6,15.4,0.0,39,27,일,12762,0,0,1,0,1
1040,2017-11-06,11.4,8.0,16.5,0.0,33,20,월,3340,0,0,1,0,1
1041,2017-11-07,14.4,9.2,18.4,0.0,42,25,화,3494,0,0,1,0,1
1042,2017-11-08,13.1,6.9,17.2,0.0,65,29,수,2653,0,0,1,0,1
1043,2017-11-09,9.4,3.7,16.8,0.0,50,24,목,3089,0,0,1,0,0
1044,2017-11-10,9.8,5.3,15.9,7.5,44,21,금,2353,0,0,1,0,1
1045,2017-11-11,5.9,2.7,10.7,0.0,70,13,토,8008,0,0,1,0,0
1046,2017-11-12,5.3,0.3,11.4,0.0,31,18,일,9312,0,0,1,0,0
1047,2017-11-13,8.4,3.1,11.8,4.5,41,24,월,1611,0,0,1,0,1
1048,2017-11-14,7.5,2.9,11.4,0.0,45,17,화,2003,0,0,1,0,1
1049,2017-11-15,3.2,-1.1,6.5,0.0,25,11,수,1404,0,0,1,0,0
1050,2017-11-16,1.0,-3.4,6.4,0.0,25,14,목,1245,0,0,1,0,0
1051,2017-11-17,3.0,-1.6,5.8,0.0,42,24,금,1388,0,0,1,0,1
1052,2017-11-18,-2.1,-4.8,2.6,0.0,39,22,토,2759,0,0,1,0,1
1053,2017-11-19,-1.6,-6.6,3.5,0.0,24,12,일,1918,0,0,1,0,0
1054,2017-11-20,-0.4,-3.9,4.2,0.0,38,22,월,857,0,0,1,0,1
1055,2017-11-21,1.3,-4.2,8.1,0.0,50,31,화,1581,0,0,1,0,1
1056,2017-11-22,4.3,0.6,10.8,0.5,62,30,수,1041,0,0,1,0,1
1057,2017-11-23,0.9,-2.5,4.7,1.2,23,11,목,1927,0,0,1,0,0
1058,2017-11-24,-0.4,-2.5,2.9,0.0,20,12,금,747,0,0,1,0,1
1059,2017-11-25,3.0,-3.3,7.3,24.0,25,16,토,1384,0,0,1,0,1
1060,2017-11-26,3.3,-0.3,7.6,0.0,37,23,일,2487,0,0,1,0,1
1061,2017-11-27,2.5,-2.9,9.5,0.0,48,29,월,1072,0,0,1,0,1
1062,2017-11-28,6.4,1.3,11.2,0.5,71,46,화,1139,0,0,1,0,1
1063,2017-11-29,3.2,-1.8,8.1,0.0,61,25,수,795,0,0,1,0,1
1064,2017-11-30,-2.4,-5.2,2.7,0.0,24,9,목,11318,0,0,1,0,0
1065,2017-12-01,-2.2,-7.6,3.1,0.0,24,13,금,718,0,0,1,0,1
1066,2017-12-02,1.9,-4.6,8.1,0.0,39,24,토,2168,0,0,1,0,1
1067,2017-12-03,4.9,3.1,8.1,4.0,51,35,일,1991,0,0,0,0,1
1068,2017-12-04,-1.2,-6.1,4.5,0.1,43,26,월,719,0,0,0,0,1
1069,2017-12-05,-4.2,-8.2,-0.4,0.1,22,11,화,630,0,0,0,0,0
1070,2017-12-06,0.2,-4.5,6.0,1.2,32,22,수,721,0,0,0,0,1
1071,2017-12-07,0.7,-3.5,4.6,0.0,45,32,목,911,0,0,0,0,1
1072,2017-12-08,-3.8,-7.1,-0.5,0.0,31,21,금,643,0,0,0,0,0
1073,2017-12-09,-0.5,-5.6,5.4,0.0,39,24,토,1792,0,0,0,0,0
1074,2017-12-10,1.1,-2.5,6.7,4.1,38,25,일,1024,0,0,0,0,1
1075,2017-12-11,-7.0,-11.0,-2.5,0.0,47,10,월,479,0,0,0,0,0
1076,2017-12-12,-9.4,-12.3,-5.2,0.0,33,17,화,324,0,0,0,0,0
1077,2017-12-13,-8.7,-12.0,-4.4,0.0,36,20,수,462,0,0,0,0,0
1078,2017-12-14,-6.6,-11.2,-1.9,0.0,55,36,목,761,0,0,0,0,0
1079,2017-12-15,-3.0,-7.5,0.9,0.0,83,58,금,627,0,0,0,0,1
1080,2017-12-16,-5.7,-8.1,-2.6,0.0,41,27,토,1206,0,0,0,0,1
1081,2017-12-17,-6.7,-10.8,-2.3,0.0,39,14,일,996,0,0,0,0,0
1082,2017-12-18,-1.6,-5.9,3.3,3.4,55,35,월,420,0,0,0,0,1
1083,2017-12-19,-3.9,-6.5,-1.0,0.0,46,20,화,657,0,0,0,0,1
1084,2017-12-20,-3.9,-8.5,-0.1,0.2,42,26,수,2985,0,0,0,0,1
1085,2017-12-21,-0.9,-5.6,4.6,0.0,52,39,목,653,0,0,0,0,1
1086,2017-12-22,3.4,-1.9,6.6,0.0,58,43,금,804,0,0,0,0,1
1087,2017-12-23,6.1,5.0,8.7,0.0,111,80,토,1910,0,0,0,0,1
1088,2017-12-24,2.9,-0.6,5.7,20.0,78,58,일,403,0,0,0,0,1
1089,2017-12-25,-2.1,-4.9,0.6,0.0,30,16,1,2028,0,0,0,0,0
1090,2017-12-26,-3.8,-7.9,-1.1,0.0,29,14,화,772,0,0,0,0,0
1091,2017-12-27,-6.9,-10.3,-2.6,0.0,28,14,수,488,0,0,0,0,0
1092,2017-12-28,-2.1,-6.8,0.8,0.0,46,28,목,778,0,0,0,0,1
1093,2017-12-29,2.1,-0.4,6.0,0.0,97,67,금,853,0,0,0,0,1
1094,2017-12-30,1.4,-1.2,4.5,0.7,128,95,토,1520,0,0,0,0,1
1095,2017-12-31,-0.3,-3.2,3.3,1.0,63,36,일,1868,0,0,0,0,1
1096,2018-01-01,-1.3,-5.1,3.8,0.0,42,21,1,2316,0,0,0,0,0
1097,2018-01-02,-1.8,-4.3,1.8,0.0,40,23,화,988,0,0,0,0,0
1098,2018-01-03,-4.7,-7.1,-0.4,0.0,35,19,수,694,0,0,0,0,0
1099,2018-01-04,-4.7,-8.7,-0.7,0.0,46,25,목,671,0,0,0,0,0
1100,2018-01-05,-3.0,-5.6,1.6,0.0,58,37,금,758,0,0,0,0,0
1101,2018-01-06,-2.8,-6.8,2.9,0.0,48,32,토,1935,0,0,0,0,0
1102,2018-01-07,-0.8,-5.7,2.8,0.0,55,40,일,1881,0,0,0,0,0
1103,2018-01-08,1.3,-1.2,4.0,0.9,57,41,월,634,0,0,0,0,1
1104,2018-01-09,-4.2,-6.1,-1.2,0.5,40,20,화,523,0,0,0,0,1
1105,2018-01-10,-7.5,-10.3,-4.8,0.3,33,14,수,382,0,0,0,0,0
1106,2018-01-11,-11.1,-13.6,-7.4,0.0,33,23,목,312,0,0,0,0,0
1107,2018-01-12,-10.2,-15.3,-5.4,0.0,25,16,금,228,0,0,0,0,0
1108,2018-01-13,-4.4,-6.6,-1.2,0.4,54,40,토,1015,0,0,0,0,1
1109,2018-01-14,0.6,-4.4,5.4,0.0,69,52,일,1654,0,0,0,0,1
1110,2018-01-15,4.7,1.8,7.7,0.2,70,50,월,645,0,0,0,0,1
1111,2018-01-16,3.5,0.1,6.8,0.0,114,85,화,699,0,0,0,0,1
1112,2018-01-17,4.5,2.4,8.7,0.0,112,88,수,631,0,0,0,0,1
1113,2018-01-18,2.1,0.3,4.5,0.0,87,59,목,1503,0,0,0,0,1
1114,2018-01-19,1.0,-2.5,5.5,0.0,59,29,금,918,0,0,0,0,0
1115,2018-01-20,2.2,-1.0,6.9,0.0,102,63,토,2083,0,0,0,0,1
1116,2018-01-21,0.4,-3.7,5.5,0.0,61,35,일,2123,0,0,0,0,1
1117,2018-01-22,0.2,-5.3,4.0,3.3,48,28,월,852,0,0,0,0,1
1118,2018-01-23,-11.7,-14.6,-5.3,0.0,24,12,화,363,0,0,0,0,1
1119,2018-01-24,-14.2,-16.3,-10.7,0.0,30,10,수,128,0,0,0,0,0
1120,2018-01-25,-14.0,-16.4,-9.5,0.0,24,12,목,162,0,0,0,0,0
1121,2018-01-26,-14.8,-17.8,-10.7,0.0,33,20,금,222,0,0,0,0,0
1122,2018-01-27,-9.9,-15.9,-3.5,0.0,44,27,토,655,0,0,0,0,0
1123,2018-01-28,-6.3,-9.3,-1.2,0.0,32,20,일,962,0,0,0,0,0
1124,2018-01-29,-8.5,-11.6,-4.7,0.0,45,17,월,409,0,0,0,0,0
1125,2018-01-30,-5.3,-11.4,-0.8,2.9,42,21,화,9660,0,0,0,0,0
1126,2018-01-31,-2.6,-5.2,0.0,0.0,40,20,수,585,0,0,0,0,1
1127,2018-02-01,-4.0,-8.8,1.2,0.0,39,23,목,679,0,0,0,0,0
1128,2018-02-02,-2.4,-7.6,3.8,0.0,55,33,금,704,0,0,0,0,0
1129,2018-02-03,-7.3,-10.4,-2.1,0.5,37,20,토,1049,0,0,0,0,0
1130,2018-02-04,-9.5,-12.8,-5.2,0.0,32,22,일,790,0,0,0,0,0
1131,2018-02-05,-9.4,-11.8,-5.1,0.0,27,15,월,348,0,0,0,0,0
1132,2018-02-06,-10.1,-12.8,-5.8,0.0,32,19,화,369,0,0,0,0,0
1133,2018-02-07,-8.0,-13.4,-1.6,0.0,40,25,수,418,0,0,0,0,0
1134,2018-02-08,-4.4,-9.7,2.0,0.0,52,35,목,724,0,0,0,0,0
1135,2018-02-09,0.4,-5.3,6.1,0.0,69,49,금,657,0,0,0,0,1
1136,2018-02-10,-0.5,-6.9,3.2,0.0,75,42,토,1861,0,0,0,0,1
1137,2018-02-11,-6.1,-9.5,-2.2,0.0,53,15,일,1159,0,0,0,0,0
1138,2018-02-12,-5.8,-9.6,-1.8,0.0,49,15,월,499,0,0,0,0,0
1139,2018-02-13,-0.8,-7.4,4.3,0.0,50,16,화,725,0,0,0,0,0
1140,2018-02-14,3.5,-0.7,8.7,0.0,68,31,수,810,0,0,0,0,1
1141,2018-02-15,-0.7,-3.7,4.0,0.0,38,15,1,1765,0,0,0,0,0
1142,2018-02-16,-1.1,-5.5,4.9,0.0,45,22,1,3007,0,0,0,0,0
1143,2018-02-17,-3.0,-7.1,1.4,0.0,50,12,토,3590,0,0,0,0,0
1144,2018-02-18,-0.4,-4.9,5.2,0.0,37,17,일,3370,0,0,0,0,0
1145,2018-02-19,1.8,-1.9,6.8,0.0,61,39,월,1558,0,0,0,0,1
1146,2018-02-20,0.9,-2.4,5.5,0.0,63,40,화,1243,0,0,0,0,1
1147,2018-02-21,-0.9,-4.5,4.4,0.0,37,19,수,1169,0,0,0,0,0
1148,2018-02-22,1.3,-3.9,5.4,0.4,45,27,목,1348,0,0,0,0,1
1149,2018-02-23,4.2,-0.3,8.6,3.7,89,64,금,1079,0,0,0,0,1
1150,2018-02-24,2.4,-1.1,7.2,0.0,76,53,토,3362,0,0,0,0,1
1151,2018-02-25,1.9,-1.6,7.9,0.0,44,30,일,6139,0,0,0,0,0
1152,2018-02-26,3.1,-3.2,10.4,0.0,62,41,월,2252,0,0,0,0,1
1153,2018-02-27,4.2,0.6,6.9,0.0,96,62,화,1517,0,0,0,0,1
1154,2018-02-28,4.6,1.8,7.8,25.0,68,44,수,626,0,0,0,0,1
1155,2018-03-01,-0.2,-4.3,3.0,0.5,42,31,1,3290,1,0,0,0,1
1156,2018-03-02,-0.7,-6.7,5.4,0.0,68,27,금,1500,1,0,0,0,0
1157,2018-03-03,7.9,-0.1,16.2,0.0,57,27,토,14540,1,0,0,0,1
1158,2018-03-04,9.8,7.6,11.9,11.5,29,21,일,3619,1,0,0,0,1
1159,2018-03-05,5.5,1.3,11.4,3.5,9,5,월,1049,1,0,0,0,1
1160,2018-03-06,4.5,-1.1,10.9,0.0,31,18,화,1751,1,0,0,0,0
1161,2018-03-07,6.4,2.2,10.7,0.5,28,16,수,1434,1,0,0,0,1
1162,2018-03-08,4.6,2.7,9.7,4.0,32,26,목,604,1,0,0,0,1
1163,2018-03-09,4.5,1.4,9.6,0.0,51,37,금,1366,1,0,0,0,1
1164,2018-03-10,4.6,0.7,9.7,0.0,47,33,토,10723,1,0,0,0,1
1165,2018-03-11,6.4,2.7,12.2,0.0,60,40,일,14512,1,0,0,0,1
1166,2018-03-12,8.0,2.2,15.5,0.0,99,64,월,1555,1,0,0,0,1
1167,2018-03-13,12.4,5.2,18.8,0.0,63,38,화,1819,1,0,0,0,1
1168,2018-03-14,17.0,13.6,22.1,0.0,24,12,수,3032,1,0,0,0,1
1169,2018-03-15,12.4,8.4,16.6,27.0,22,15,목,390,1,0,0,0,1
1170,2018-03-16,7.1,3.6,12.2,0.0,14,6,금,2101,1,0,0,0,0
1171,2018-03-17,6.6,0.5,14.0,0.0,32,20,토,21711,1,0,0,0,1
1172,2018-03-18,8.2,5.4,12.5,0.5,62,46,일,11340,1,0,0,0,1
1173,2018-03-19,8.0,6.2,10.4,1.0,30,22,월,785,1,0,0,0,1
1174,2018-03-20,4.7,1.6,9.1,0.0,19,8,화,1228,1,0,0,0,0
1175,2018-03-21,2.1,1.1,5.3,1.0,14,7,수,2184,1,0,0,0,0
1176,2018-03-22,4.9,0.6,11.6,0.0,43,27,목,1559,1,0,0,0,1
1177,2018-03-23,6.1,1.8,12.5,0.0,67,50,금,1922,1,0,0,0,1
1178,2018-03-24,7.6,4.0,13.1,0.0,113,86,토,8418,1,0,0,0,1
1179,2018-03-25,9.6,4.6,16.9,0.0,121,99,일,7334,1,0,0,0,1
1180,2018-03-26,11.0,5.3,18.1,0.0,106,71,월,1227,1,0,0,0,1
1181,2018-03-27,13.3,7.7,20.0,0.0,95,61,화,1297,1,0,0,0,1
1182,2018-03-28,14.0,9.4,19.0,0.0,55,37,수,1830,1,0,0,0,1
1183,2018-03-29,15.4,11.8,21.1,0.0,63,43,목,1588,1,0,0,0,1
1184,2018-03-30,14.8,9.8,21.9,0.0,65,37,금,3670,1,0,0,0,1
1185,2018-03-31,14.0,9.3,20.1,0.0,58,30,토,24609,1,0,0,0,1
1186,2018-04-01,15.6,11.7,18.5,0.0,72,35,일,15121,1,0,0,0,1
1187,2018-04-02,18.4,14.9,23.7,0.0,71,28,월,2785,1,0,0,0,1
1188,2018-04-03,17.8,14.9,21.2,0.1,69,21,화,3689,1,0,0,0,1
1189,2018-04-04,13.4,9.5,18.2,18.5,13,7,수,2575,1,0,0,0,1
1190,2018-04-05,7.6,6.7,9.5,10.5,7,4,목,992,1,0,0,0,1
1191,2018-04-06,5.8,3.0,8.6,6.5,121,27,금,3920,1,0,0,0,1
1192,2018-04-07,4.2,1.4,8.6,0.2,50,22,토,12741,1,0,0,0,1
1193,2018-04-08,3.9,0.6,7.9,3.0,27,15,일,12683,1,0,0,0,1
1194,2018-04-09,7.9,0.1,15.4,0.0,40,26,월,5775,1,0,0,0,1
1195,2018-04-10,15.1,6.9,21.9,5.0,45,20,화,7236,1,0,0,0,1
1196,2018-04-11,12.6,8.7,17.3,0.0,63,24,수,4184,1,0,0,0,1
1197,2018-04-12,13.3,6.8,19.6,0.0,46,15,목,7264,1,0,0,0,0
1198,2018-04-13,14.6,8.3,19.3,0.0,35,14,금,8694,1,0,0,0,0
1199,2018-04-14,9.0,7.5,14.8,9.0,21,12,토,2097,1,0,0,0,1
1200,2018-04-15,9.5,5.6,14.2,0.0,74,21,일,21355,1,0,0,0,1
1201,2018-04-16,11.6,4.9,18.8,0.0,38,23,월,5480,1,0,0,0,0
1202,2018-04-17,12.9,6.8,20.1,0.0,60,30,화,5164,1,0,0,0,0
1203,2018-04-18,12.4,6.2,19.3,0.0,71,34,수,5634,1,0,0,0,0
1204,2018-04-19,14.0,7.4,20.5,0.0,81,40,목,5069,1,0,0,0,1
1205,2018-04-20,18.4,11.0,26.3,0.0,104,55,금,5353,1,0,0,0,1
1206,2018-04-21,18.7,12.3,25.6,0.0,72,40,토,32610,1,0,0,0,1
1207,2018-04-22,15.5,10.7,21.0,15.5,38,21,일,7680,1,0,0,0,1
1208,2018-04-23,9.3,8.4,10.7,59.0,9,6,월,288,1,0,0,0,1
1209,2018-04-24,12.1,8.9,16.1,3.0,9,5,화,4340,1,0,0,0,1
1210,2018-04-25,14.6,5.7,23.3,0.0,35,24,수,8633,1,0,0,0,0
1211,2018-04-26,14.9,10.0,22.1,0.0,44,30,목,15833,1,0,0,0,1
1212,2018-04-27,15.7,9.7,23.3,0.0,57,40,금,14350,1,0,0,0,1
1213,2018-04-28,15.4,10.5,21.7,0.0,59,38,토,22964,1,0,0,0,1
1214,2018-04-29,16.2,9.4,22.9,0.0,55,32,일,29774,1,0,0,0,1
1215,2018-04-30,19.2,14.1,25.0,0.0,79,56,월,15101,1,0,0,0,1
1216,2018-05-01,20.4,17.8,23.3,0.0,60,46,화,22284,1,0,0,0,1
1217,2018-05-02,15.1,8.7,19.7,12.0,44,35,수,1349,1,0,0,0,1
1218,2018-05-03,11.2,6.9,14.7,1.0,30,14,목,9103,1,0,0,0,0
1219,2018-05-04,14.1,8.8,20.0,0.0,44,17,금,11398,1,0,0,0,0
1220,2018-05-05,18.3,11.6,24.6,0.0,40,19,토,52310,1,0,0,0,0
1221,2018-05-06,16.6,15.0,20.7,22.0,14,9,일,3344,1,0,0,0,1
1222,2018-05-07,19.2,14.0,25.5,0.0,37,19,1,32821,1,0,0,0,1
1223,2018-05-08,17.5,11.6,22.9,0.0,18,7,화,5728,1,0,0,0,0
1224,2018-05-09,15.7,9.2,21.8,0.0,22,8,수,5892,1,0,0,0,0
1225,2018-05-10,15.4,11.3,21.4,0.0,42,24,목,6762,1,0,0,0,1
1226,2018-05-11,16.1,11.9,21.3,0.0,59,39,금,9835,1,0,0,0,1
1227,2018-05-12,14.2,11.8,16.1,32.0,30,20,토,1345,1,0,0,0,1
1228,2018-05-13,15.8,12.7,20.0,0.5,23,17,일,23131,1,0,0,0,1
1229,2018-05-14,18.2,11.9,24.5,0.0,73,55,월,4102,1,0,0,0,1
1230,2018-05-15,23.2,15.4,29.3,0.0,73,52,화,4825,1,0,0,0,1
1231,2018-05-16,22.3,21.8,24.4,45.0,33,23,수,896,1,0,0,0,1
1232,2018-05-17,20.9,18.8,23.5,83.0,14,9,목,1309,1,0,0,0,1
1233,2018-05-18,16.3,12.2,19.3,6.5,12,5,금,5492,1,0,0,0,1
1234,2018-05-19,17.6,10.3,24.7,0.0,11,4,토,33655,1,0,0,0,0
1235,2018-05-20,17.0,11.5,22.6,0.0,11,5,일,30449,1,0,0,0,0
1236,2018-05-21,17.8,11.3,23.7,0.0,19,10,월,19298,1,0,0,0,0
1237,2018-05-22,18.1,15.4,23.2,12.5,36,23,1,28495,1,0,0,0,1
1238,2018-05-23,17.3,13.6,23.3,6.5,48,11,수,6302,1,0,0,0,1
1239,2018-05-24,18.3,11.2,23.7,0.0,97,25,목,6387,1,0,0,0,1
1240,2018-05-25,19.7,13.8,26.2,0.0,93,34,금,8457,1,0,0,0,1
1241,2018-05-26,21.8,14.0,29.6,0.0,81,38,토,27705,1,0,0,0,1
1242,2018-05-27,20.3,17.3,24.7,0.0,65,28,일,32244,1,0,0,0,1
1243,2018-05-28,22.3,16.2,29.1,0.0,50,26,월,27205,0,1,0,0,1
1244,2018-05-29,21.4,19.1,25.9,1.0,41,26,화,8741,0,1,0,0,1
1245,2018-05-30,20.2,15.8,24.7,0.0,43,26,수,7303,0,1,0,0,1
1246,2018-05-31,20.9,14.2,27.6,0.0,42,24,목,26276,0,1,0,0,1
1247,2018-06-01,23.8,17.5,30.2,0.0,42,23,금,9969,0,1,0,0,1
1248,2018-06-02,23.4,17.6,30.1,0.0,40,23,토,26341,0,1,0,0,1
1249,2018-06-03,24.0,16.9,30.8,0.0,32,21,일,25808,0,1,0,0,0
1250,2018-06-04,22.6,18.9,27.5,0.0,41,26,월,5922,0,1,0,0,1
1251,2018-06-05,23.7,17.7,29.2,0.0,44,31,화,9027,0,1,0,0,1
1252,2018-06-06,23.0,18.4,27.9,0.0,48,35,1,29944,0,1,0,0,1
1253,2018-06-07,22.2,17.8,29.4,0.0,47,33,목,6171,0,1,0,0,1
1254,2018-06-08,21.9,18.5,27.0,0.0,35,23,금,7157,0,1,0,0,1
1255,2018-06-09,23.7,18.9,30.1,0.5,39,25,토,18036,0,1,0,0,1
1256,2018-06-10,21.3,18.3,24.9,0.5,9,5,일,19328,0,1,0,0,0
1257,2018-06-11,20.2,18.0,23.9,5.0,10,5,월,3626,0,1,0,0,0
1258,2018-06-12,21.3,16.6,27.1,0.0,15,8,화,5547,0,1,0,0,0
1259,2018-06-13,22.0,18.3,27.0,0.0,29,19,1,17997,0,1,0,0,1
1260,2018-06-14,21.6,18.8,25.1,29.0,30,21,목,1766,0,1,0,0,1
1261,2018-06-15,21.7,17.2,27.0,16.5,15,7,금,4362,0,1,0,0,1
1262,2018-06-16,22.5,16.3,28.7,0.0,22,12,토,15207,0,1,0,0,0
1263,2018-06-17,22.8,18.9,27.5,0.0,52,35,일,12254,0,1,0,0,1
1264,2018-06-18,24.8,19.9,30.8,0.0,45,30,월,2432,0,1,0,0,1
1265,2018-06-19,22.4,19.1,27.2,0.0,40,28,화,3781,0,1,0,0,1
1266,2018-06-20,22.7,19.1,28.4,0.0,43,30,수,3212,0,1,0,0,1
1267,2018-06-21,23.7,19.4,28.7,0.0,39,25,목,2893,0,1,0,0,1
1268,2018-06-22,25.0,18.2,32.0,0.0,42,27,금,16022,0,1,0,0,1
1269,2018-06-23,24.5,20.9,28.9,0.0,39,24,토,8845,0,1,0,0,1
1270,2018-06-24,25.2,20.1,32.1,0.0,58,38,일,6553,0,1,0,0,1
1271,2018-06-25,27.1,21.3,32.9,0.0,59,37,월,2284,0,1,0,0,1
1272,2018-06-26,22.3,20.2,26.9,71.5,49,35,화,13766,0,1,0,0,1
1273,2018-06-27,22.3,19.1,25.5,1.0,27,20,수,1986,0,1,0,0,1
1274,2018-06-28,23.3,20.6,27.3,26.5,22,15,목,1969,0,1,0,0,1
1275,2018-06-29,24.7,21.9,29.1,6.5,38,27,금,8100,0,1,0,0,1
1276,2018-06-30,24.4,21.6,27.9,14.5,50,35,토,3604,0,1,0,0,1
1277,2018-07-01,21.9,21.0,22.8,83.5,11,6,일,411,0,1,0,0,1
1278,2018-07-02,22.6,20.6,25.3,59.5,10,6,월,334,0,1,0,0,1
1279,2018-07-03,27.4,22.5,32.6,0.1,13,8,화,1777,0,1,0,0,1
1280,2018-07-04,27.3,24.0,31.8,0.0,22,13,수,1568,0,1,0,0,0
1281,2018-07-05,25.3,23.4,29.0,0.5,20,14,목,1283,0,1,0,0,1
1282,2018-07-06,23.9,21.5,27.1,0.0,7,3,금,2418,0,1,0,0,0
1283,2018-07-07,23.7,19.5,29.2,0.0,9,4,토,11179,0,1,0,0,0
1284,2018-07-08,23.3,17.7,28.1,0.0,12,6,일,12207,0,1,0,0,0
1285,2018-07-09,20.8,20.1,24.2,14.0,10,5,월,574,0,1,0,0,1
1286,2018-07-10,23.7,20.4,26.5,16.5,23,12,화,1614,0,1,0,0,1
1287,2018-07-11,26.8,24.4,29.5,3.0,31,18,수,1407,0,1,0,0,1
1288,2018-07-12,26.6,25.1,28.2,1.0,27,15,목,2517,0,1,0,0,1
1289,2018-07-13,27.3,24.7,30.9,0.0,21,13,금,1356,0,1,0,0,0
1290,2018-07-14,27.9,24.6,31.9,0.0,20,13,토,3918,0,1,0,0,0
1291,2018-07-15,28.3,24.5,33.2,0.0,22,16,일,3031,0,1,0,0,0
1292,2018-07-16,28.7,24.0,34.0,0.0,26,17,월,852,0,1,0,0,0
1293,2018-07-17,28.1,23.9,32.1,0.0,30,22,화,1139,0,1,0,0,1
1294,2018-07-18,28.2,23.7,33.2,0.0,35,26,수,14697,0,1,0,0,1
1295,2018-07-19,28.7,23.2,34.1,0.0,30,21,목,899,0,1,0,0,1
1296,2018-07-20,29.5,24.6,34.7,0.0,36,24,금,756,0,1,0,0,1
1297,2018-07-21,30.6,24.9,36.9,0.0,37,26,토,1537,0,1,0,0,1
1298,2018-07-22,31.8,25.3,38.0,0.0,29,20,일,1228,0,1,0,0,0
1299,2018-07-23,31.7,29.2,35.7,0.0,31,20,월,605,0,1,0,0,0
1300,2018-07-24,31.4,27.2,36.8,0.0,42,28,화,516,0,1,0,0,0
1301,2018-07-25,30.1,27.7,34.1,0.0,32,21,수,651,0,1,0,0,0
1302,2018-07-26,30.1,27.3,33.7,0.0,41,27,목,712,0,1,0,0,1
1303,2018-07-27,30.9,27.2,35.4,0.0,48,33,금,1830,0,1,0,0,1
1304,2018-07-28,29.5,28.0,35.2,7.5,39,27,토,1410,0,1,0,0,1
1305,2018-07-29,31.3,26.4,36.7,0.0,18,12,일,1620,0,1,0,0,0
1306,2018-07-30,31.7,26.2,36.9,0.0,10,6,월,937,0,1,0,0,0
1307,2018-07-31,32.6,27.8,38.3,0.0,18,10,화,1320,0,1,0,0,0
1308,2018-08-01,33.6,27.8,39.6,0.0,34,20,수,607,0,1,0,0,0
1309,2018-08-02,33.7,30.3,37.9,0.0,40,27,목,792,0,1,0,0,0
1310,2018-08-03,33.1,30.0,37.9,0.0,44,32,금,701,0,1,0,0,1
1311,2018-08-04,31.1,28.0,34.9,0.0,27,18,토,1558,0,1,0,0,0
1312,2018-08-05,30.0,27.2,33.9,2.0,27,17,일,1690,0,1,0,0,1
1313,2018-08-06,30.5,28.3,35.3,6.5,31,20,월,815,0,1,0,0,1
1314,2018-08-07,30.5,26.8,35.9,0.0,20,12,화,816,0,1,0,0,0
1315,2018-08-08,31.0,27.6,35.3,0.0,26,17,수,720,0,1,0,0,1
1316,2018-08-09,28.8,27.1,32.5,2.0,24,17,목,1072,0,1,0,0,0
1317,2018-08-10,30.7,25.7,36.8,0.0,16,9,금,725,0,1,0,0,1
1318,2018-08-11,31.0,26.4,36.0,0.0,10,6,토,2070,0,1,0,0,0
1319,2018-08-12,30.6,27.2,35.3,5.0,15,10,일,3107,0,1,0,0,0
1320,2018-08-13,30.5,26.7,34.4,1.0,31,22,월,865,0,1,0,0,1
1321,2018-08-14,31.7,27.7,37.2,0.0,27,17,화,943,0,1,0,0,0
1322,2018-08-15,31.7,28.3,38.0,1.0,28,19,1,1790,0,1,0,0,0
1323,2018-08-16,29.9,24.1,35.6,0.0,16,8,목,755,0,1,0,0,0
1324,2018-08-17,27.2,21.7,33.8,0.0,13,5,금,1690,0,1,0,0,0
1325,2018-08-18,26.7,21.5,32.1,0.0,16,7,토,7856,0,1,0,0,0
1326,2018-08-19,28.2,23.0,34.4,0.0,23,13,일,7320,0,1,0,0,0
1327,2018-08-20,29.1,25.1,33.3,0.0,36,21,월,1315,0,1,0,0,0
1328,2018-08-21,26.6,23.4,31.0,5.0,22,12,화,1185,0,1,0,0,1
1329,2018-08-22,30.7,23.4,37.6,0.0,24,14,수,1501,0,1,0,0,0
1330,2018-08-23,29.4,25.7,32.2,3.0,13,6,목,520,0,1,0,0,0
1331,2018-08-24,24.4,23.2,26.3,7.5,9,4,금,480,0,1,0,0,1
1332,2018-08-25,25.2,22.7,29.3,0.0,23,12,토,10258,0,1,0,0,0
1333,2018-08-26,23.2,20.3,29.0,2.0,17,10,일,5426,0,1,0,0,0
1334,2018-08-27,22.7,20.2,24.9,19.5,10,5,월,549,0,1,0,0,1
1335,2018-08-28,23.7,22.5,26.1,96.5,10,5,화,644,0,1,0,0,1
1336,2018-08-29,25.2,22.7,27.4,42.0,13,7,수,4342,0,1,0,0,1
1337,2018-08-30,25.3,23.9,28.2,9.5,27,17,목,1066,0,1,0,0,1
1338,2018-08-31,25.6,22.8,30.3,0.1,24,14,금,2373,0,1,0,0,1
1339,2018-09-01,25.5,20.8,30.9,0.0,19,9,토,15182,0,1,0,0,0
1340,2018-09-02,25.1,20.1,29.6,0.0,13,6,일,15541,0,1,0,0,0
1341,2018-09-03,23.3,21.4,25.8,34.5,15,8,월,684,0,1,0,0,1
1342,2018-09-04,23.2,20.0,27.8,0.0,17,8,화,2211,0,1,0,0,1
1343,2018-09-05,24.0,19.6,28.5,0.0,27,10,수,2910,0,1,0,0,0
1344,2018-09-06,24.1,20.9,28.2,1.0,34,18,목,2383,0,1,0,0,1
1345,2018-09-07,22.0,19.1,25.5,0.5,25,12,금,3470,0,1,0,0,0
1346,2018-09-08,21.7,15.9,27.7,0.0,24,10,토,22103,0,1,0,0,0
1347,2018-09-09,22.2,15.6,28.9,0.0,21,10,일,23202,0,1,0,0,0
1348,2018-09-10,22.9,18.6,28.4,0.0,12,5,월,3329,0,1,0,0,0
1349,2018-09-11,21.6,16.8,26.1,0.0,13,5,화,3546,0,1,0,0,0
1350,2018-09-12,22.8,16.8,28.2,0.0,16,7,수,3032,0,1,0,0,0
1351,2018-09-13,23.5,20.3,28.3,0.0,19,9,목,3182,0,1,0,0,0
1352,2018-09-14,23.5,20.3,26.8,0.5,18,9,금,3111,0,1,0,0,0
1353,2018-09-15,23.3,21.0,26.0,0.2,13,7,토,10686,0,1,0,0,1
1354,2018-09-16,22.2,21.0,23.9,2.0,37,25,일,9048,0,1,0,0,1
1355,2018-09-17,22.3,18.5,27.7,0.1,28,15,월,3011,0,1,0,0,1
1356,2018-09-18,22.0,17.7,26.5,0.0,36,17,화,3310,0,1,0,0,0
1357,2018-09-19,22.1,18.9,26.6,0.2,39,19,수,7333,0,1,0,0,0
1358,2018-09-20,19.0,17.8,20.1,5.0,15,9,목,1696,0,1,0,0,1
1359,2018-09-21,19.4,17.6,21.9,18.0,8,4,금,741,0,1,0,0,1
1360,2018-09-22,20.8,17.2,25.5,6.5,31,11,토,14301,0,1,0,0,1
1361,2018-09-23,19.4,15.6,25.3,0.0,29,10,일,13065,0,1,0,0,0
1362,2018-09-24,17.6,14.2,22.1,0.0,14,6,1,19661,0,1,0,0,0
1363,2018-09-25,17.8,10.8,24.3,0.0,14,7,1,29558,0,1,0,0,0
1364,2018-09-26,19.4,16.2,24.8,0.0,8,4,1,21131,0,1,0,0,0
1365,2018-09-27,18.9,13.2,25.0,0.0,9,4,목,5153,0,1,0,0,0
1366,2018-09-28,17.5,14.3,22.2,0.0,14,6,금,5910,0,1,0,0,0
1367,2018-09-29,20.2,14.6,27.0,0.0,16,8,토,22289,0,0,1,0,0
1368,2018-09-30,17.6,14.0,21.6,0.0,20,10,일,19868,0,0,1,0,0
1369,2018-10-01,15.4,13.0,19.7,0.0,17,8,월,3207,0,0,1,0,0
1370,2018-10-02,15.9,10.3,22.0,0.0,25,13,화,4863,0,0,1,0,0
1371,2018-10-03,17.3,11.2,24.2,0.0,27,15,1,27449,0,0,1,0,0
1372,2018-10-04,19.3,13.0,25.6,0.0,20,11,목,4159,0,0,1,0,0
1373,2018-10-05,16.9,15.7,19.0,36.5,10,5,금,1426,0,0,1,0,1
1374,2018-10-06,18.0,16.3,21.7,55.5,6,3,토,1355,0,0,1,0,1
1375,2018-10-07,16.4,12.3,21.1,0.0,26,10,일,22060,0,0,1,0,1
1376,2018-10-08,14.8,9.2,20.9,0.0,22,8,월,11611,0,0,1,0,0
1377,2018-10-09,15.3,10.7,19.8,0.0,25,11,1,27514,0,0,1,0,0
1378,2018-10-10,12.0,7.9,16.7,7.0,18,10,수,3384,0,0,1,0,1
1379,2018-10-11,9.7,6.1,13.9,0.0,17,7,목,5071,0,0,1,0,0
1380,2018-10-12,10.9,5.2,17.4,0.0,24,12,금,8295,0,0,1,0,0
1381,2018-10-13,12.5,6.1,19.8,0.0,34,21,토,16641,0,0,1,0,1
1382,2018-10-14,13.2,6.8,20.3,0.0,34,22,일,17762,0,0,1,0,1
1383,2018-10-15,15.2,10.9,21.0,0.0,60,37,월,7580,0,0,1,0,1
1384,2018-10-16,14.5,9.9,20.3,0.0,48,26,화,4861,0,0,1,0,1
1385,2018-10-17,12.4,8.4,18.6,0.0,34,16,수,5903,0,0,1,0,1
1386,2018-10-18,12.7,7.5,19.0,0.0,15,7,목,5146,0,0,1,0,0
1387,2018-10-19,13.1,7.2,20.4,0.0,19,9,금,11385,0,0,1,0,0
1388,2018-10-20,13.4,6.9,21.4,0.0,39,20,토,22515,0,0,1,0,1
1389,2018-10-21,13.4,7.2,21.1,0.0,37,22,일,21366,0,0,1,0,0
1390,2018-10-22,14.0,8.8,20.6,0.0,52,33,월,4455,0,0,1,0,1
1391,2018-10-23,12.2,9.8,16.9,5.0,51,30,화,2405,0,0,1,0,1
1392,2018-10-24,12.5,7.6,18.7,0.0,40,18,수,5240,0,0,1,0,1
1393,2018-10-25,13.8,7.0,21.2,0.0,39,19,목,6662,0,0,1,0,0
1394,2018-10-26,12.2,9.9,14.7,11.0,35,19,금,14286,0,0,1,0,1
1395,2018-10-27,8.7,6.2,11.6,0.0,26,6,토,21561,0,0,1,0,0
1396,2018-10-28,8.3,5.2,13.5,5.5,14,8,일,4916,0,0,1,0,0
1397,2018-10-29,7.2,3.4,11.7,0.0,17,7,월,3342,0,0,1,0,0
1398,2018-10-30,6.1,0.7,11.6,0.0,21,10,화,3786,0,0,1,0,0
1399,2018-10-31,7.4,3.0,12.6,0.0,22,12,수,5730,0,0,1,0,0
1400,2018-11-01,8.4,2.5,15.2,0.0,34,19,목,3923,0,0,1,0,0
1401,2018-11-02,10.6,4.0,19.0,0.0,43,26,금,5152,0,0,1,0,0
1402,2018-11-03,11.2,5.0,19.1,0.0,53,35,토,16626,0,0,1,0,1
1403,2018-11-04,11.6,5.3,19.4,0.0,44,30,일,15903,0,0,1,0,1
1404,2018-11-05,11.9,6.6,18.3,0.0,59,39,월,2780,0,0,1,0,1
1405,2018-11-06,12.2,8.0,17.5,0.0,102,71,화,2108,0,0,1,0,1
1406,2018-11-07,12.8,10.3,15.7,2.0,62,45,수,1321,0,0,1,0,1
1407,2018-11-08,11.8,10.5,14.7,64.0,9,5,목,576,0,0,1,0,1
1408,2018-11-09,12.1,9.5,15.4,1.0,41,24,금,2922,0,0,1,0,1
1409,2018-11-10,11.9,8.8,17.1,0.0,72,46,토,6233,0,0,1,0,1
1410,2018-11-11,8.1,5.4,10.9,0.0,66,41,일,5204,0,0,1,0,1
1411,2018-11-12,8.1,3.1,15.1,0.0,32,17,월,2316,0,0,1,0,0
1412,2018-11-13,8.8,4.1,15.4,0.0,41,24,화,2244,0,0,1,0,1
1413,2018-11-14,9.8,4.8,16.6,0.0,35,22,수,2219,0,0,1,0,0
1414,2018-11-15,9.7,4.7,16.2,0.0,49,33,목,1911,0,0,1,0,1
1415,2018-11-16,8.8,4.2,14.5,0.0,55,39,금,1626,0,0,1,0,1
1416,2018-11-17,4.9,0.6,11.4,0.0,31,17,토,6659,0,0,1,0,1
1417,2018-11-18,6.1,1.9,10.7,0.0,36,22,일,6404,0,0,1,0,0
1418,2018-11-19,6.5,3.3,11.3,0.0,56,31,월,1383,0,0,1,0,1
1419,2018-11-20,6.5,0.0,12.7,0.2,45,18,화,1427,0,0,1,0,1
1420,2018-11-21,5.8,3.1,8.2,1.0,34,17,수,893,0,0,1,0,1
1421,2018-11-22,2.3,-1.3,7.1,0.0,21,9,목,4964,0,0,1,0,0
1422,2018-11-23,1.9,-3.1,7.6,0.0,23,11,금,1208,0,0,1,0,0
1423,2018-11-24,2.6,0.3,3.8,10.9,22,15,토,1404,0,0,1,0,1
1424,2018-11-25,4.8,1.3,9.8,0.0,46,34,일,3699,0,0,1,0,1
1425,2018-11-26,6.3,1.6,13.6,0.0,62,42,월,1169,0,0,1,0,1
1426,2018-11-27,7.1,3.1,12.5,0.0,124,52,화,923,0,0,1,0,1
1427,2018-11-28,5.0,2.1,11.1,0.0,118,21,수,895,0,0,1,0,0
1428,2018-11-29,3.5,0.6,6.7,0.0,75,21,목,8472,0,0,1,0,0
1429,2018-11-30,2.7,-1.5,8.0,0.0,61,22,금,987,0,0,1,0,0
1430,2018-12-01,5.5,0.8,12.4,0.0,46,23,토,4005,0,0,1,0,0
1431,2018-12-02,8.2,2.8,11.8,0.0,48,24,일,3381,0,0,1,0,0
1432,2018-12-03,11.5,9.3,13.5,9.5,42,22,월,356,0,0,0,0,1
1433,2018-12-04,6.7,-0.3,11.8,5.0,34,16,화,610,0,0,0,0,1
1434,2018-12-05,0.0,-4.3,3.4,0.0,28,11,수,815,0,0,0,0,0
1435,2018-12-06,2.4,-1.0,6.8,0.0,38,17,목,878,0,0,0,0,0
1436,2018-12-07,-7.3,-9.6,-1.1,0.0,21,8,금,440,0,0,0,0,0
1437,2018-12-08,-8.3,-11.4,-4.4,0.0,23,8,토,807,0,0,0,0,0
1438,2018-12-09,-7.2,-11.8,-2.1,0.0,22,10,일,808,0,0,0,0,0
1439,2018-12-10,-2.5,-8.1,4.6,0.0,35,18,월,553,0,0,0,0,0
1440,2018-12-11,0.2,-2.4,2.9,0.0,42,23,화,997,0,0,0,0,1
1441,2018-12-12,-1.9,-5.0,2.4,0.0,44,22,수,2089,0,0,0,0,1
1442,2018-12-13,-2.2,-5.9,2.1,1.3,39,23,목,854,0,0,0,0,1
1443,2018-12-14,-4.4,-7.8,0.6,0.0,33,18,금,456,0,0,0,0,0
1444,2018-12-15,-2.4,-7.8,3.2,0.0,56,38,토,1381,0,0,0,0,1
1445,2018-12-16,0.0,-2.6,2.1,0.3,54,40,일,1134,0,0,0,0,1
1446,2018-12-17,1.6,-1.5,5.9,0.3,74,48,월,656,0,0,0,0,1
1447,2018-12-18,2.6,-2.8,7.4,0.0,46,26,화,861,0,0,0,0,1
1448,2018-12-19,4.0,1.3,9.5,0.0,52,31,수,809,0,0,0,0,1
1449,2018-12-20,3.4,-1.1,10.4,0.0,59,37,목,876,0,0,0,0,1
1450,2018-12-21,5.6,0.4,9.8,0.0,78,50,금,1630,0,0,0,0,1
1451,2018-12-22,6.9,2.9,12.4,0.0,88,63,토,1982,0,0,0,0,1
1452,2018-12-23,2.4,-3.4,7.5,0.0,52,28,일,2948,0,0,0,0,1
1453,2018-12-24,-2.3,-5.9,3.1,0.0,23,12,월,982,0,0,0,0,0
1454,2018-12-25,0.6,-4.0,5.2,0.0,34,22,1,2402,0,0,0,0,0
1455,2018-12-26,-1.5,-7.1,3.0,0.0,50,25,수,752,0,0,0,0,1
1456,2018-12-27,-10.1,-12.5,-6.5,0.0,27,8,목,3943,0,0,0,0,0
1457,2018-12-28,-10.5,-14.4,-6.6,0.0,35,13,금,357,0,0,0,0,0
1458,2018-12-29,-7.6,-10.5,-3.0,0.0,37,9,토,734,0,0,0,0,0
1459,2018-12-30,-6.8,-11.3,-0.9,0.0,32,17,일,915,0,0,0,0,0
1460,2018-12-31,-5.4,-10.5,-0.5,0.0,46,29,월,834,0,0,0,0,0
1461,2019-01-01,-5.0,-8.2,-0.6,0.0,38,25,1,1524,0,0,0,0,0
1462,2019-01-02,-4.9,-8.8,0.2,0.0,34,22,수,634,0,0,0,0,0
1463,2019-01-03,-3.5,-8.4,3.2,0.0,39,24,목,777,0,0,0,0,0
1464,2019-01-04,-1.1,-6.2,4.1,0.0,60,42,금,690,0,0,0,0,1
1465,2019-01-05,-2.8,-5.5,1.1,0.0,63,40,토,1601,0,0,0,0,1
1466,2019-01-06,-2.8,-6.3,2.7,0.0,49,23,일,2057,0,0,0,0,0
1467,2019-01-07,-1.9,-6.2,3.1,0.0,57,37,월,773,0,0,0,0,1
1468,2019-01-08,-3.5,-7.2,0.5,0.0,41,18,화,804,0,0,0,0,0
1469,2019-01-09,-4.7,-9.4,1.3,0.0,51,22,수,529,0,0,0,0,0
1470,2019-01-10,-0.6,-4.5,3.0,0.0,58,34,목,839,0,0,0,0,1
1471,2019-01-11,2.4,-0.4,7.2,0.0,80,57,금,814,0,0,0,0,1
1472,2019-01-12,2.8,-0.6,8.0,0.0,96,69,토,1855,0,0,0,0,1
1473,2019-01-13,1.2,-3.0,7.6,0.0,115,83,일,1680,0,0,0,0,1
1474,2019-01-14,1.4,-2.4,5.3,0.0,166,129,월,433,0,0,0,0,1
1475,2019-01-15,-1.7,-7.2,2.6,0.0,134,81,화,493,0,0,0,0,1
1476,2019-01-16,-5.2,-10.1,-1.1,0.0,46,17,수,674,0,0,0,0,0
1477,2019-01-17,-0.3,-3.2,4.0,0.0,43,22,목,1220,0,0,0,0,0
1478,2019-01-18,0.6,-4.6,6.7,0.0,61,39,금,810,0,0,0,0,1
1479,2019-01-19,3.6,0.0,8.5,0.0,96,67,토,1738,0,0,0,0,1
1480,2019-01-20,-1.4,-5.5,4.0,0.0,66,33,일,2064,0,0,0,0,1
1481,2019-01-21,-1.2,-6.7,4.2,0.0,45,21,월,731,0,0,0,0,1
1482,2019-01-22,1.7,-3.3,7.1,0.0,67,33,화,988,0,0,0,0,1
1483,2019-01-23,2.0,-0.8,7.0,0.0,74,44,수,756,0,0,0,0,1
1484,2019-01-24,0.1,-4.6,6.5,0.0,41,21,목,1010,0,0,0,0,0
1485,2019-01-25,-1.2,-3.8,2.6,0.0,51,21,금,882,0,0,0,0,0
1486,2019-01-26,-2.5,-6.5,2.4,0.0,43,20,토,2023,0,0,0,0,0
1487,2019-01-27,-0.1,-6.6,5.1,0.0,36,20,일,2391,0,0,0,0,1
1488,2019-01-28,1.2,-2.4,4.5,0.0,85,24,월,703,0,0,0,0,1
1489,2019-01-29,-0.2,-5.6,7.0,0.0,67,23,화,938,0,0,0,0,0
1490,2019-01-30,1.8,-2.8,6.6,0.0,63,33,수,716,0,0,0,0,1
1491,2019-01-31,-2.0,-6.2,2.3,0.0,72,21,목,1624,0,0,0,0,1
1492,2019-02-01,-2.1,-7.4,2.8,0.3,39,18,금,626,0,0,0,0,0
1493,2019-02-02,1.4,-3.2,6.1,0.0,59,36,토,1630,0,0,0,0,1
1494,2019-02-03,3.3,2.0,4.9,16.0,39,30,일,405,0,0,0,0,1
1495,2019-02-04,-0.6,-3.3,3.0,0.0,72,36,1,2550,0,0,0,0,1
1496,2019-02-05,2.8,-3.6,10.1,0.0,85,28,1,3855,0,0,0,0,1
1497,2019-02-06,5.1,0.1,9.3,0.0,96,35,1,4046,0,0,0,0,1
1498,2019-02-07,-2.1,-8.2,6.3,0.5,61,32,목,996,0,0,0,0,1
1499,2019-02-08,-6.1,-10.2,-1.3,0.0,32,17,금,771,0,0,0,0,0
1500,2019-02-09,-5.4,-8.6,-1.9,0.0,36,17,토,1771,0,0,0,0,0
1501,2019-02-10,-5.0,-9.1,-1.9,0.0,42,23,일,1652,0,0,0,0,0
1502,2019-02-11,-3.0,-7.5,2.0,0.0,39,23,월,732,0,0,0,0,0
1503,2019-02-12,-0.6,-4.1,3.7,0.0,59,38,화,1041,0,0,0,0,1
1504,2019-02-13,-2.1,-5.7,2.5,0.0,39,20,수,917,0,0,0,0,0
1505,2019-02-14,-0.5,-5.9,6.3,0.0,53,27,목,1290,0,0,0,0,0
1506,2019-02-15,-0.8,-2.9,0.9,2.2,39,28,금,587,0,0,0,0,1
1507,2019-02-16,-2.7,-5.1,1.5,0.2,59,48,토,1889,0,0,0,0,1
1885,2020-02-29,7.7,4.5,13.0,0.5,24,17,토,1384,0,0,0,1,1
1886,2020-03-01,5.8,3.2,10.1,0.2,45,34,일,1062,1,0,0,1,1
1887,2020-03-02,3.4,0.0,7.6,0.0,38,29,월,566,1,0,0,1,1
1888,2020-03-03,4.8,0.3,10.5,0.0,45,33,화,569,1,0,0,1,1
1889,2020-03-04,2.2,-1.3,4.6,0.0,45,34,수,372,1,0,0,1,1
1890,2020-03-05,1.4,-2.8,6.3,0.0,36,28,목,585,1,0,0,1,1
1891,2020-03-06,3.7,-2.5,10.1,0.0,40,27,금,793,1,0,0,1,0
1892,2020-03-07,7.0,1.3,14.2,0.0,55,39,토,2138,1,0,0,1,1
1893,2020-03-08,9.3,2.3,16.9,0.0,59,45,일,4584,1,0,0,1,1
1894,2020-03-09,11.1,4.8,17.6,0.0,59,43,월,920,1,0,0,1,1
1895,2020-03-10,6.4,3.2,10.8,11.8,43,32,화,134,1,0,0,1,1
1896,2020-03-11,3.8,0.0,8.3,0.0,34,13,수,1117,1,0,0,1,0
1897,2020-03-12,6.8,0.2,13.3,0.0,34,14,목,1212,1,0,0,1,0
1898,2020-03-13,4.9,-0.1,8.7,0.5,32,13,금,907,1,0,0,1,1
1899,2020-03-14,3.6,-2.7,8.6,0.0,39,19,토,3569,1,0,0,1,1
1900,2020-03-15,4.0,0.2,8.5,0.0,41,17,일,2683,1,0,0,1,1
1901,2020-03-16,3.6,-2.1,9.1,0.0,24,12,월,869,1,0,0,1,0
1902,2020-03-17,6.6,3.1,12.3,0.0,49,22,화,596,1,0,0,1,1
